family,corruption_type,false_negative_rate,false_positive_rate,seed,method,success,cost,expansions,pruned_commitments,frontier_peak,reason
certificate_corruption,false_negative,0.0,0.0,0,scp_corrupted,1.0,40.0,208.98667934208544,8.0,41.79733586841709,success
certificate_corruption,false_negative,0.0,0.0,1,scp_corrupted,1.0,41.0,208.54372041092753,9.0,41.70874408218551,success
certificate_corruption,false_negative,0.0,0.0,2,scp_corrupted,1.0,42.0,235.82416208372635,10.0,47.16483241674527,success
certificate_corruption,false_negative,0.0,0.0,3,scp_corrupted,1.0,40.0,209.09720406298598,8.0,41.8194408125972,success
certificate_corruption,false_negative,0.0,0.0,4,scp_corrupted,1.0,42.0,236.1738910592603,10.0,47.23477821185207,success
certificate_corruption,false_negative,0.0,0.0,5,scp_corrupted,1.0,42.0,224.24211978771967,10.0,44.848423957543936,success
certificate_corruption,false_negative,0.0,0.0,6,scp_corrupted,1.0,39.0,193.88514099993844,7.0,38.77702819998769,success
certificate_corruption,false_negative,0.0,0.0,7,scp_corrupted,1.0,39.0,192.99304776049686,7.0,38.598609552099376,success
certificate_corruption,false_negative,0.0,0.0,8,scp_corrupted,1.0,41.0,214.87046239034794,9.0,42.97409247806959,success
certificate_corruption,false_negative,0.0,0.0,9,scp_corrupted,1.0,39.0,191.07284508289956,7.0,38.214569016579915,success
certificate_corruption,false_negative,0.0,0.0,10,scp_corrupted,1.0,43.0,241.26669432937854,11.0,48.25333886587571,success
certificate_corruption,false_negative,0.0,0.0,11,scp_corrupted,1.0,42.0,226.30815954503447,10.0,45.261631909006894,success
certificate_corruption,false_negative,0.0,0.0,12,scp_corrupted,1.0,43.0,250.30888044434022,11.0,50.061776088868044,success
certificate_corruption,false_negative,0.0,0.0,13,scp_corrupted,1.0,43.0,238.6762914183783,11.0,47.73525828367566,success
certificate_corruption,false_negative,0.0,0.0,14,scp_corrupted,1.0,39.0,193.86754610927574,7.0,38.77350922185515,success
certificate_corruption,false_negative,0.0,0.0,15,scp_corrupted,1.0,39.0,185.85872426880024,7.0,37.17174485376005,success
certificate_corruption,false_negative,0.0,0.0,16,scp_corrupted,1.0,41.0,215.2470570887638,9.0,43.049411417752765,success
certificate_corruption,false_negative,0.0,0.0,17,scp_corrupted,1.0,43.0,242.68908464561605,11.0,48.53781692912321,success
certificate_corruption,false_negative,0.0,0.0,18,scp_corrupted,1.0,43.0,242.81034500259094,11.0,48.56206900051819,success
certificate_corruption,false_negative,0.0,0.0,19,scp_corrupted,1.0,43.0,249.79988549866238,11.0,49.95997709973248,success
certificate_corruption,false_negative,0.0,0.0,20,scp_corrupted,1.0,40.0,201.60724071441572,8.0,40.32144814288315,success
certificate_corruption,false_negative,0.0,0.0,21,scp_corrupted,1.0,42.0,231.5033366792776,10.0,46.30066733585552,success
certificate_corruption,false_negative,0.0,0.0,22,scp_corrupted,1.0,43.0,246.89897611884405,11.0,49.37979522376881,success
certificate_corruption,false_negative,0.0,0.0,23,scp_corrupted,1.0,41.0,217.93042269713882,9.0,43.586084539427766,success
certificate_corruption,false_negative,0.0,0.0,24,scp_corrupted,1.0,42.0,232.29033698358847,10.0,46.458067396717695,success
certificate_corruption,false_negative,0.0,0.0,25,scp_corrupted,1.0,40.0,196.6515973921778,8.0,39.33031947843556,success
certificate_corruption,false_negative,0.0,0.0,26,scp_corrupted,1.0,43.0,250.47037114303347,11.0,50.0940742286067,success
certificate_corruption,false_negative,0.0,0.0,27,scp_corrupted,1.0,40.0,204.83912933125788,8.0,40.96782586625158,success
certificate_corruption,false_negative,0.0,0.0,28,scp_corrupted,1.0,40.0,209.78027328077306,8.0,41.95605465615461,success
certificate_corruption,false_negative,0.0,0.0,29,scp_corrupted,1.0,41.0,219.01863298736768,9.0,43.80372659747354,success
certificate_corruption,false_negative,0.05,0.0,0,scp_corrupted,1.0,42.0,228.4211734471695,9.5,45.68423468943391,success
certificate_corruption,false_negative,0.05,0.0,1,scp_corrupted,1.0,40.0,198.5091555471518,7.6,39.701831109430366,success
certificate_corruption,false_negative,0.05,0.0,2,scp_corrupted,1.0,40.0,197.47679045327718,7.6,39.49535809065544,success
certificate_corruption,false_negative,0.05,0.0,3,scp_corrupted,1.0,39.0,195.1292806134188,6.6499999999999995,39.02585612268376,success
certificate_corruption,false_negative,0.05,0.0,4,scp_corrupted,1.0,42.0,238.40199197190344,9.5,47.68039839438069,success
certificate_corruption,false_negative,0.05,0.0,5,scp_corrupted,1.0,39.0,193.08875868349352,6.6499999999999995,38.61775173669871,success
certificate_corruption,false_negative,0.05,0.0,6,scp_corrupted,1.0,39.0,192.02159678612992,6.6499999999999995,38.40431935722599,success
certificate_corruption,false_negative,0.05,0.0,7,scp_corrupted,1.0,42.0,240.11798354319973,9.5,48.02359670863995,success
certificate_corruption,false_negative,0.05,0.0,8,scp_corrupted,1.0,39.0,191.60029406793564,6.6499999999999995,38.32005881358713,success
certificate_corruption,false_negative,0.05,0.0,9,scp_corrupted,1.0,40.0,200.70521253282,7.6,40.141042506564006,success
certificate_corruption,false_negative,0.05,0.0,10,scp_corrupted,1.0,42.0,227.83516662541365,9.5,45.56703332508273,success
certificate_corruption,false_negative,0.05,0.0,11,scp_corrupted,1.0,40.0,202.45738025589213,7.6,40.49147605117843,success
certificate_corruption,false_negative,0.05,0.0,12,scp_corrupted,1.0,40.0,211.865405157782,7.6,42.3730810315564,success
certificate_corruption,false_negative,0.05,0.0,13,scp_corrupted,1.0,40.0,197.05313182262654,7.6,39.410626364525314,success
certificate_corruption,false_negative,0.05,0.0,14,scp_corrupted,1.0,42.0,240.32979433588085,9.5,48.06595886717617,success
certificate_corruption,false_negative,0.05,0.0,15,scp_corrupted,1.0,43.0,250.37099010523906,10.45,50.07419802104781,success
certificate_corruption,false_negative,0.05,0.0,16,scp_corrupted,1.0,40.0,206.53235393028393,7.6,41.30647078605679,success
certificate_corruption,false_negative,0.05,0.0,17,scp_corrupted,1.0,39.0,192.13062044643019,6.6499999999999995,38.42612408928604,success
certificate_corruption,false_negative,0.05,0.0,18,scp_corrupted,1.0,41.0,214.8911713176127,8.549999999999999,42.978234263522545,success
certificate_corruption,false_negative,0.05,0.0,19,scp_corrupted,1.0,42.0,226.291243207464,9.5,45.2582486414928,success
certificate_corruption,false_negative,0.05,0.0,20,scp_corrupted,1.0,40.0,208.35025951095784,7.6,41.670051902191574,success
certificate_corruption,false_negative,0.05,0.0,21,scp_corrupted,1.0,43.0,248.62937170745508,10.45,49.72587434149102,success
certificate_corruption,false_negative,0.05,0.0,22,scp_corrupted,1.0,39.0,187.70627516637066,6.6499999999999995,37.54125503327413,success
certificate_corruption,false_negative,0.05,0.0,23,scp_corrupted,1.0,41.0,221.16773225477942,8.549999999999999,44.233546450955885,success
certificate_corruption,false_negative,0.05,0.0,24,scp_corrupted,1.0,41.0,223.01456700685247,8.549999999999999,44.6029134013705,success
certificate_corruption,false_negative,0.05,0.0,25,scp_corrupted,1.0,39.0,197.68068796646952,6.6499999999999995,39.53613759329391,success
certificate_corruption,false_negative,0.05,0.0,26,scp_corrupted,1.0,39.0,193.95852745488378,6.6499999999999995,38.79170549097676,success
certificate_corruption,false_negative,0.05,0.0,27,scp_corrupted,1.0,39.0,190.31477126616124,6.6499999999999995,38.06295425323225,success
certificate_corruption,false_negative,0.05,0.0,28,scp_corrupted,1.0,42.0,230.43581285458583,9.5,46.08716257091717,success
certificate_corruption,false_negative,0.05,0.0,29,scp_corrupted,1.0,40.0,200.5368932515243,7.6,40.10737865030487,success
certificate_corruption,false_negative,0.1,0.0,0,scp_corrupted,1.0,40.0,219.06158707212913,7.2,43.81231741442583,success
certificate_corruption,false_negative,0.1,0.0,1,scp_corrupted,1.0,42.0,252.2072926574621,9.0,50.44145853149242,success
certificate_corruption,false_negative,0.1,0.0,2,scp_corrupted,1.0,42.0,240.61107130536263,9.0,48.12221426107253,success
certificate_corruption,false_negative,0.1,0.0,3,scp_corrupted,1.0,43.0,266.8125112726533,9.9,53.36250225453066,success
certificate_corruption,false_negative,0.1,0.0,4,scp_corrupted,1.0,42.0,241.05396518318642,9.0,48.210793036637284,success
certificate_corruption,false_negative,0.1,0.0,5,scp_corrupted,1.0,41.0,230.29781290225853,8.1,46.05956258045171,success
certificate_corruption,false_negative,0.1,0.0,6,scp_corrupted,1.0,42.0,243.34741519924432,9.0,48.66948303984887,success
certificate_corruption,false_negative,0.1,0.0,7,scp_corrupted,1.0,39.0,207.07780510988084,6.3,41.415561021976174,success
certificate_corruption,false_negative,0.1,0.0,8,scp_corrupted,1.0,39.0,195.23458948805978,6.3,39.04691789761196,success
certificate_corruption,false_negative,0.1,0.0,9,scp_corrupted,1.0,40.0,210.71718516066306,7.2,42.14343703213262,success
certificate_corruption,false_negative,0.1,0.0,10,scp_corrupted,1.0,42.0,237.80149439307144,9.0,47.56029887861429,success
certificate_corruption,false_negative,0.1,0.0,11,scp_corrupted,1.0,43.0,263.0217344538243,9.9,52.604346890764866,success
certificate_corruption,false_negative,0.1,0.0,12,scp_corrupted,1.0,41.0,229.41990514926155,8.1,45.883981029852315,success
certificate_corruption,false_negative,0.1,0.0,13,scp_corrupted,1.0,42.0,251.72342793482966,9.0,50.34468558696594,success
certificate_corruption,false_negative,0.1,0.0,14,scp_corrupted,1.0,41.0,224.80840912982913,8.1,44.961681825965826,success
certificate_corruption,false_negative,0.1,0.0,15,scp_corrupted,1.0,39.0,193.7959468170654,6.3,38.759189363413086,success
certificate_corruption,false_negative,0.1,0.0,16,scp_corrupted,1.0,43.0,259.56403456781493,9.9,51.91280691356299,success
certificate_corruption,false_negative,0.1,0.0,17,scp_corrupted,1.0,39.0,199.58731318476117,6.3,39.91746263695224,success
certificate_corruption,false_negative,0.1,0.0,18,scp_corrupted,1.0,39.0,202.39202042238387,6.3,40.47840408447678,success
certificate_corruption,false_negative,0.1,0.0,19,scp_corrupted,1.0,43.0,259.70803908371425,9.9,51.94160781674285,success
certificate_corruption,false_negative,0.1,0.0,20,scp_corrupted,1.0,41.0,220.94194581492079,8.1,44.18838916298416,success
certificate_corruption,false_negative,0.1,0.0,21,scp_corrupted,1.0,39.0,196.14020615393986,6.3,39.22804123078797,success
certificate_corruption,false_negative,0.1,0.0,22,scp_corrupted,1.0,42.0,240.74510280619896,9.0,48.149020561239794,success
certificate_corruption,false_negative,0.1,0.0,23,scp_corrupted,1.0,41.0,230.66498170824056,8.1,46.132996341648116,success
certificate_corruption,false_negative,0.1,0.0,24,scp_corrupted,1.0,41.0,230.88657191081126,8.1,46.17731438216225,success
certificate_corruption,false_negative,0.1,0.0,25,scp_corrupted,1.0,41.0,225.390554821535,8.1,45.078110964307,success
certificate_corruption,false_negative,0.1,0.0,26,scp_corrupted,1.0,43.0,258.9663791539156,9.9,51.79327583078313,success
certificate_corruption,false_negative,0.1,0.0,27,scp_corrupted,1.0,41.0,222.80231897956432,8.1,44.56046379591287,success
certificate_corruption,false_negative,0.1,0.0,28,scp_corrupted,1.0,43.0,262.5381200756908,9.9,52.50762401513816,success
certificate_corruption,false_negative,0.1,0.0,29,scp_corrupted,1.0,43.0,257.9577043296078,9.9,51.59154086592156,success
certificate_corruption,false_negative,0.25,0.0,0,scp_corrupted,1.0,43.0,361.9354291090365,8.25,72.3870858218073,success
certificate_corruption,false_negative,0.25,0.0,1,scp_corrupted,1.0,39.0,262.4490593418887,5.25,52.48981186837774,success
certificate_corruption,false_negative,0.25,0.0,2,scp_corrupted,1.0,40.0,294.99267047330704,6.0,58.99853409466141,success
certificate_corruption,false_negative,0.25,0.0,3,scp_corrupted,1.0,40.0,287.337547448025,6.0,57.46750948960501,success
certificate_corruption,false_negative,0.25,0.0,4,scp_corrupted,1.0,40.0,289.6782618169534,6.0,57.93565236339069,success
certificate_corruption,false_negative,0.25,0.0,5,scp_corrupted,1.0,40.0,303.2284364387925,6.0,60.645687287758506,success
certificate_corruption,false_negative,0.25,0.0,6,scp_corrupted,1.0,40.0,304.13308250697185,6.0,60.82661650139437,success
certificate_corruption,false_negative,0.25,0.0,7,scp_corrupted,1.0,43.0,345.9393157092504,8.25,69.18786314185009,success
certificate_corruption,false_negative,0.25,0.0,8,scp_corrupted,1.0,43.0,362.9994998026658,8.25,72.59989996053316,success
certificate_corruption,false_negative,0.25,0.0,9,scp_corrupted,1.0,40.0,301.13865366062254,6.0,60.22773073212451,success
certificate_corruption,false_negative,0.25,0.0,10,scp_corrupted,1.0,43.0,356.50054702004394,8.25,71.3001094040088,success
certificate_corruption,false_negative,0.25,0.0,11,scp_corrupted,1.0,42.0,331.05461670801753,7.5,66.2109233416035,success
certificate_corruption,false_negative,0.25,0.0,12,scp_corrupted,1.0,43.0,364.2270788379641,8.25,72.84541576759283,success
certificate_corruption,false_negative,0.25,0.0,13,scp_corrupted,1.0,42.0,340.5082506346254,7.5,68.1016501269251,success
certificate_corruption,false_negative,0.25,0.0,14,scp_corrupted,1.0,41.0,301.98399914661866,6.75,60.39679982932373,success
certificate_corruption,false_negative,0.25,0.0,15,scp_corrupted,1.0,40.0,298.4395354251635,6.0,59.687907085032705,success
certificate_corruption,false_negative,0.25,0.0,16,scp_corrupted,1.0,39.0,279.11702853182976,5.25,55.82340570636595,success
certificate_corruption,false_negative,0.25,0.0,17,scp_corrupted,1.0,42.0,338.5805335416995,7.5,67.7161067083399,success
certificate_corruption,false_negative,0.25,0.0,18,scp_corrupted,1.0,42.0,322.433843499672,7.5,64.4867686999344,success
certificate_corruption,false_negative,0.25,0.0,19,scp_corrupted,1.0,43.0,356.3252995680786,8.25,71.26505991361573,success
certificate_corruption,false_negative,0.25,0.0,20,scp_corrupted,1.0,43.0,346.82173449169153,8.25,69.36434689833831,success
certificate_corruption,false_negative,0.25,0.0,21,scp_corrupted,1.0,40.0,289.536044610756,6.0,57.9072089221512,success
certificate_corruption,false_negative,0.25,0.0,22,scp_corrupted,1.0,41.0,311.3824010662011,6.75,62.27648021324023,success
certificate_corruption,false_negative,0.25,0.0,23,scp_corrupted,1.0,43.0,361.7223474631033,8.25,72.34446949262066,success
certificate_corruption,false_negative,0.25,0.0,24,scp_corrupted,1.0,39.0,283.57116343570397,5.25,56.71423268714079,success
certificate_corruption,false_negative,0.25,0.0,25,scp_corrupted,1.0,39.0,267.425403210857,5.25,53.4850806421714,success
certificate_corruption,false_negative,0.25,0.0,26,scp_corrupted,1.0,42.0,339.83431589287625,7.5,67.96686317857525,success
certificate_corruption,false_negative,0.25,0.0,27,scp_corrupted,1.0,40.0,290.0116889133235,6.0,58.0023377826647,success
certificate_corruption,false_negative,0.25,0.0,28,scp_corrupted,1.0,40.0,281.4903028053921,6.0,56.29806056107842,success
certificate_corruption,false_negative,0.25,0.0,29,scp_corrupted,1.0,40.0,291.43240649351407,6.0,58.28648129870282,success
certificate_corruption,false_negative,0.5,0.0,0,scp_corrupted,1.0,42.0,707.8006406603444,5.0,141.56012813206888,success
certificate_corruption,false_negative,0.5,0.0,1,scp_corrupted,1.0,41.0,646.8723774035035,4.5,129.3744754807007,success
certificate_corruption,false_negative,0.5,0.0,2,scp_corrupted,1.0,40.0,632.9700915800963,4.0,126.59401831601927,success
certificate_corruption,false_negative,0.5,0.0,3,scp_corrupted,1.0,42.0,725.2025429917682,5.0,145.04050859835363,success
certificate_corruption,false_negative,0.5,0.0,4,scp_corrupted,1.0,42.0,702.0619361218227,5.0,140.41238722436455,success
certificate_corruption,false_negative,0.5,0.0,5,scp_corrupted,1.0,39.0,556.4456640444057,3.5,111.28913280888115,success
certificate_corruption,false_negative,0.5,0.0,6,scp_corrupted,1.0,39.0,561.4253046020731,3.5,112.28506092041462,success
certificate_corruption,false_negative,0.5,0.0,7,scp_corrupted,1.0,40.0,600.509466299259,4.0,120.1018932598518,success
certificate_corruption,false_negative,0.5,0.0,8,scp_corrupted,1.0,39.0,574.4161175894249,3.5,114.88322351788497,success
certificate_corruption,false_negative,0.5,0.0,9,scp_corrupted,1.0,41.0,665.0221727000406,4.5,133.00443454000813,success
certificate_corruption,false_negative,0.5,0.0,10,scp_corrupted,1.0,39.0,586.0307828656233,3.5,117.20615657312467,success
certificate_corruption,false_negative,0.5,0.0,11,scp_corrupted,1.0,42.0,696.2822093838447,5.0,139.25644187676895,success
certificate_corruption,false_negative,0.5,0.0,12,scp_corrupted,1.0,39.0,576.2226363943537,3.5,115.24452727887075,success
certificate_corruption,false_negative,0.5,0.0,13,scp_corrupted,1.0,39.0,560.8546560492275,3.5,112.1709312098455,success
certificate_corruption,false_negative,0.5,0.0,14,scp_corrupted,1.0,41.0,665.3379848910022,4.5,133.06759697820044,success
certificate_corruption,false_negative,0.5,0.0,15,scp_corrupted,1.0,43.0,740.4901609294733,5.5,148.09803218589465,success
certificate_corruption,false_negative,0.5,0.0,16,scp_corrupted,1.0,39.0,601.2266681341198,3.5,120.24533362682396,success
certificate_corruption,false_negative,0.5,0.0,17,scp_corrupted,1.0,41.0,645.1732190237569,4.5,129.0346438047514,success
certificate_corruption,false_negative,0.5,0.0,18,scp_corrupted,1.0,42.0,704.517000703352,5.0,140.9034001406704,success
certificate_corruption,false_negative,0.5,0.0,19,scp_corrupted,1.0,40.0,607.1779946439816,4.0,121.43559892879632,success
certificate_corruption,false_negative,0.5,0.0,20,scp_corrupted,1.0,43.0,736.5902448533326,5.5,147.31804897066652,success
certificate_corruption,false_negative,0.5,0.0,21,scp_corrupted,1.0,43.0,767.4770509755731,5.5,153.49541019511463,success
certificate_corruption,false_negative,0.5,0.0,22,scp_corrupted,1.0,39.0,572.7106746778721,3.5,114.54213493557444,success
certificate_corruption,false_negative,0.5,0.0,23,scp_corrupted,1.0,43.0,771.9421935830369,5.5,154.3884387166074,success
certificate_corruption,false_negative,0.5,0.0,24,scp_corrupted,1.0,41.0,667.4500025177821,4.5,133.49000050355642,success
certificate_corruption,false_negative,0.5,0.0,25,scp_corrupted,1.0,43.0,734.1250591107549,5.5,146.825011822151,success
certificate_corruption,false_negative,0.5,0.0,26,scp_corrupted,1.0,40.0,643.6595437188779,4.0,128.7319087437756,success
certificate_corruption,false_negative,0.5,0.0,27,scp_corrupted,1.0,42.0,723.6700080102135,5.0,144.7340016020427,success
certificate_corruption,false_negative,0.5,0.0,28,scp_corrupted,1.0,41.0,658.5217013588147,4.5,131.70434027176293,success
certificate_corruption,false_negative,0.5,0.0,29,scp_corrupted,1.0,40.0,633.922887625232,4.0,126.7845775250464,success
certificate_corruption,false_negative,0.75,0.0,0,scp_corrupted,1.0,39.0,1108.2253699400192,1.75,221.64507398800384,success
certificate_corruption,false_negative,0.75,0.0,1,scp_corrupted,1.0,39.0,1106.0614328699185,1.75,221.2122865739837,success
certificate_corruption,false_negative,0.75,0.0,2,scp_corrupted,1.0,42.0,1386.3850434576514,2.5,277.2770086915303,success
certificate_corruption,false_negative,0.75,0.0,3,scp_corrupted,1.0,41.0,1307.0313511312556,2.25,261.40627022625114,success
certificate_corruption,false_negative,0.75,0.0,4,scp_corrupted,1.0,42.0,1416.100422419177,2.5,283.2200844838354,success
certificate_corruption,false_negative,0.75,0.0,5,scp_corrupted,1.0,40.0,1255.4326187130303,2.0,251.08652374260606,success
certificate_corruption,false_negative,0.75,0.0,6,scp_corrupted,1.0,42.0,1416.0703308594914,2.5,283.2140661718983,success
certificate_corruption,false_negative,0.75,0.0,7,scp_corrupted,1.0,41.0,1261.439314910053,2.25,252.28786298201064,success
certificate_corruption,false_negative,0.75,0.0,8,scp_corrupted,1.0,41.0,1344.985833171119,2.25,268.99716663422384,success
certificate_corruption,false_negative,0.75,0.0,9,scp_corrupted,1.0,41.0,1316.1393847686409,2.25,263.2278769537282,success
certificate_corruption,false_negative,0.75,0.0,10,scp_corrupted,1.0,42.0,1420.684798773803,2.5,284.13695975476065,success
certificate_corruption,false_negative,0.75,0.0,11,scp_corrupted,1.0,40.0,1199.5140208572423,2.0,239.90280417144845,success
certificate_corruption,false_negative,0.75,0.0,12,scp_corrupted,1.0,41.0,1338.8707717183304,2.25,267.7741543436661,success
certificate_corruption,false_negative,0.75,0.0,13,scp_corrupted,1.0,41.0,1346.836058579403,2.25,269.3672117158806,success
certificate_corruption,false_negative,0.75,0.0,14,scp_corrupted,1.0,40.0,1173.6831946513403,2.0,234.73663893026807,success
certificate_corruption,false_negative,0.75,0.0,15,scp_corrupted,1.0,43.0,1505.2090749117478,2.75,301.0418149823496,success
certificate_corruption,false_negative,0.75,0.0,16,scp_corrupted,1.0,43.0,1444.3444105810024,2.75,288.8688821162005,success
certificate_corruption,false_negative,0.75,0.0,17,scp_corrupted,1.0,41.0,1298.017224787019,2.25,259.6034449574038,success
certificate_corruption,false_negative,0.75,0.0,18,scp_corrupted,1.0,40.0,1218.6400773571402,2.0,243.72801547142805,success
certificate_corruption,false_negative,0.75,0.0,19,scp_corrupted,1.0,40.0,1205.5001577733267,2.0,241.10003155466535,success
certificate_corruption,false_negative,0.75,0.0,20,scp_corrupted,1.0,39.0,1177.743172233251,1.75,235.54863444665023,success
certificate_corruption,false_negative,0.75,0.0,21,scp_corrupted,1.0,40.0,1260.252553915397,2.0,252.0505107830794,success
certificate_corruption,false_negative,0.75,0.0,22,scp_corrupted,1.0,43.0,1491.8781208521295,2.75,298.3756241704259,success
certificate_corruption,false_negative,0.75,0.0,23,scp_corrupted,1.0,40.0,1175.0257617072784,2.0,235.0051523414557,success
certificate_corruption,false_negative,0.75,0.0,24,scp_corrupted,1.0,39.0,1137.3941324869597,1.75,227.47882649739196,success
certificate_corruption,false_negative,0.75,0.0,25,scp_corrupted,1.0,41.0,1271.7635896325542,2.25,254.35271792651085,success
certificate_corruption,false_negative,0.75,0.0,26,scp_corrupted,1.0,42.0,1356.3531179622137,2.5,271.27062359244275,success
certificate_corruption,false_negative,0.75,0.0,27,scp_corrupted,1.0,39.0,1100.658374766795,1.75,220.13167495335904,success
certificate_corruption,false_negative,0.75,0.0,28,scp_corrupted,1.0,40.0,1223.2061845984572,2.0,244.64123691969144,success
certificate_corruption,false_negative,0.75,0.0,29,scp_corrupted,1.0,42.0,1399.8074502135198,2.5,279.961490042704,success
certificate_corruption,false_negative,1.0,0.0,0,scp_corrupted,1.0,40.0,2145.8799232573965,0.0,429.1759846514793,success
certificate_corruption,false_negative,1.0,0.0,1,scp_corrupted,1.0,41.0,2281.0217715280696,0.0,456.20435430561395,success
certificate_corruption,false_negative,1.0,0.0,2,scp_corrupted,1.0,43.0,2612.75726544497,0.0,522.551453088994,success
certificate_corruption,false_negative,1.0,0.0,3,scp_corrupted,1.0,40.0,2173.9972927194317,0.0,434.7994585438864,success
certificate_corruption,false_negative,1.0,0.0,4,scp_corrupted,1.0,40.0,2070.7347763434423,0.0,414.1469552686885,success
certificate_corruption,false_negative,1.0,0.0,5,scp_corrupted,1.0,43.0,2645.577948454879,0.0,529.1155896909758,success
certificate_corruption,false_negative,1.0,0.0,6,scp_corrupted,1.0,42.0,2426.704943275417,0.0,485.34098865508344,success
certificate_corruption,false_negative,1.0,0.0,7,scp_corrupted,1.0,39.0,1988.4614174257997,0.0,397.69228348516,success
certificate_corruption,false_negative,1.0,0.0,8,scp_corrupted,1.0,40.0,2193.606915266762,0.0,438.7213830533524,success
certificate_corruption,false_negative,1.0,0.0,9,scp_corrupted,1.0,43.0,2611.7980664392403,0.0,522.3596132878481,success
certificate_corruption,false_negative,1.0,0.0,10,scp_corrupted,1.0,42.0,2493.5428070485673,0.0,498.70856140971347,success
certificate_corruption,false_negative,1.0,0.0,11,scp_corrupted,1.0,41.0,2267.746046685495,0.0,453.549209337099,success
certificate_corruption,false_negative,1.0,0.0,12,scp_corrupted,1.0,39.0,1937.2967918781987,0.0,387.4593583756398,success
certificate_corruption,false_negative,1.0,0.0,13,scp_corrupted,1.0,40.0,2173.372081159367,0.0,434.67441623187347,success
certificate_corruption,false_negative,1.0,0.0,14,scp_corrupted,1.0,39.0,1975.3158277855605,0.0,395.06316555711214,success
certificate_corruption,false_negative,1.0,0.0,15,scp_corrupted,1.0,42.0,2454.801306938736,0.0,490.96026138774727,success
certificate_corruption,false_negative,1.0,0.0,16,scp_corrupted,1.0,39.0,2049.1864423506,0.0,409.83728847012003,success
certificate_corruption,false_negative,1.0,0.0,17,scp_corrupted,1.0,43.0,2530.924439715672,0.0,506.18488794313447,success
certificate_corruption,false_negative,1.0,0.0,18,scp_corrupted,1.0,39.0,1950.63457809918,0.0,390.12691561983604,success
certificate_corruption,false_negative,1.0,0.0,19,scp_corrupted,1.0,42.0,2334.9859181717684,0.0,466.9971836343537,success
certificate_corruption,false_negative,1.0,0.0,20,scp_corrupted,1.0,39.0,1965.9264919312002,0.0,393.18529838624005,success
certificate_corruption,false_negative,1.0,0.0,21,scp_corrupted,1.0,40.0,2191.589935410011,0.0,438.3179870820022,success
certificate_corruption,false_negative,1.0,0.0,22,scp_corrupted,1.0,43.0,2597.264892559478,0.0,519.4529785118956,success
certificate_corruption,false_negative,1.0,0.0,23,scp_corrupted,1.0,39.0,2040.978725902531,0.0,408.19574518050626,success
certificate_corruption,false_negative,1.0,0.0,24,scp_corrupted,1.0,41.0,2194.2428696170573,0.0,438.8485739234115,success
certificate_corruption,false_negative,1.0,0.0,25,scp_corrupted,1.0,39.0,2012.482492046134,0.0,402.49649840922683,success
certificate_corruption,false_negative,1.0,0.0,26,scp_corrupted,1.0,43.0,2631.003496845431,0.0,526.2006993690862,success
certificate_corruption,false_negative,1.0,0.0,27,scp_corrupted,1.0,43.0,2565.602321839297,0.0,513.1204643678594,success
certificate_corruption,false_negative,1.0,0.0,28,scp_corrupted,1.0,41.0,2322.5347520903674,0.0,464.50695041807353,success
certificate_corruption,false_negative,1.0,0.0,29,scp_corrupted,1.0,43.0,2553.2319656244163,0.0,510.6463931248833,success
certificate_corruption,false_positive,0.0,0.0,0,scp_corrupted,1.0092357478994516,40.36942991597806,208.98667934208544,8.0,41.79733586841709,success
certificate_corruption,false_positive,0.0,0.0,1,scp_corrupted,0.9925222337659501,40.693411584403954,208.54372041092753,9.0,41.70874408218551,success
certificate_corruption,false_positive,0.0,0.0,2,scp_corrupted,0.992820916176473,41.69847847941186,235.82416208372635,10.0,47.16483241674527,success
certificate_corruption,false_positive,0.0,0.0,3,scp_corrupted,0.9929010241552658,39.716040966210635,209.09720406298598,8.0,41.8194408125972,success
certificate_corruption,false_positive,0.0,0.0,4,scp_corrupted,1.0073984104045197,42.310733236989826,236.1738910592603,10.0,47.23477821185207,success
certificate_corruption,false_positive,0.0,0.0,5,scp_corrupted,0.9953401844012552,41.804287744852715,224.24211978771967,10.0,44.848423957543936,success
certificate_corruption,false_positive,0.0,0.0,6,scp_corrupted,0.9941040296638333,38.7700571568895,193.88514099993844,7.0,38.77702819998769,success
certificate_corruption,false_positive,0.0,0.0,7,scp_corrupted,1.002797164310311,39.10908940810213,192.99304776049686,7.0,38.598609552099376,success
certificate_corruption,false_positive,0.0,0.0,8,scp_corrupted,1.0041721660237959,41.17105880697563,214.87046239034794,9.0,42.97409247806959,success
certificate_corruption,false_positive,0.0,0.0,9,scp_corrupted,0.9966308904172675,38.86860472627343,191.07284508289956,7.0,38.214569016579915,success
certificate_corruption,false_positive,0.0,0.0,10,scp_corrupted,0.9930461975206716,42.700986493388875,241.26669432937854,11.0,48.25333886587571,success
certificate_corruption,false_positive,0.0,0.0,11,scp_corrupted,0.9954462020474957,41.80874048599482,226.30815954503447,10.0,45.261631909006894,success
certificate_corruption,false_positive,0.0,0.0,12,scp_corrupted,0.995971746671673,42.826785106881935,250.30888044434022,11.0,50.061776088868044,success
certificate_corruption,false_positive,0.0,0.0,13,scp_corrupted,0.9904171537741179,42.58793761228707,238.6762914183783,11.0,47.73525828367566,success
certificate_corruption,false_positive,0.0,0.0,14,scp_corrupted,0.9943220406711439,38.778559586174616,193.86754610927574,7.0,38.77350922185515,success
certificate_corruption,false_positive,0.0,0.0,15,scp_corrupted,0.99901899656205,38.96174086591995,185.85872426880024,7.0,37.17174485376005,success
certificate_corruption,false_positive,0.0,0.0,16,scp_corrupted,0.990023453719071,40.59096160248191,215.2470570887638,9.0,43.049411417752765,success
certificate_corruption,false_positive,0.0,0.0,17,scp_corrupted,1.0023118613088475,43.099410036280446,242.68908464561605,11.0,48.53781692912321,success
certificate_corruption,false_positive,0.0,0.0,18,scp_corrupted,0.9984068070976949,42.93149270520088,242.81034500259094,11.0,48.56206900051819,success
certificate_corruption,false_positive,0.0,0.0,19,scp_corrupted,1.0039741270943914,43.170887465058826,249.79988549866238,11.0,49.95997709973248,success
certificate_corruption,false_positive,0.0,0.0,20,scp_corrupted,1.0029572603365962,40.118290413463846,201.60724071441572,8.0,40.32144814288315,success
certificate_corruption,false_positive,0.0,0.0,21,scp_corrupted,0.9986355148141044,41.942691622192385,231.5033366792776,10.0,46.30066733585552,success
certificate_corruption,false_positive,0.0,0.0,22,scp_corrupted,0.9964008226853049,42.845235375468114,246.89897611884405,11.0,49.37979522376881,success
certificate_corruption,false_positive,0.0,0.0,23,scp_corrupted,1.006069574285742,41.24885254571542,217.93042269713882,9.0,43.586084539427766,success
certificate_corruption,false_positive,0.0,0.0,24,scp_corrupted,1.0051929170600427,42.21810251652179,232.29033698358847,10.0,46.458067396717695,success
certificate_corruption,false_positive,0.0,0.0,25,scp_corrupted,0.9955473228473903,39.82189291389561,196.6515973921778,8.0,39.33031947843556,success
certificate_corruption,false_positive,0.0,0.0,26,scp_corrupted,1.0004885013808296,43.02100555937567,250.47037114303347,11.0,50.0940742286067,success
certificate_corruption,false_positive,0.0,0.0,27,scp_corrupted,0.9960949416080006,39.84379766432002,204.83912933125788,8.0,40.96782586625158,success
certificate_corruption,false_positive,0.0,0.0,28,scp_corrupted,1.0042427689626439,40.16971075850576,209.78027328077306,8.0,41.95605465615461,success
certificate_corruption,false_positive,0.0,0.0,29,scp_corrupted,0.9902335192659001,40.5995742899019,219.01863298736768,9.0,43.80372659747354,success
certificate_corruption,false_positive,0.0,0.001,0,scp_corrupted,0.9953128041906197,39.81251216762479,205.64002136578682,8.016,41.128004273157366,success
certificate_corruption,false_positive,0.0,0.001,1,scp_corrupted,0.9925551356722928,41.6873156982363,236.75494067159673,10.02,47.35098813431935,success
certificate_corruption,false_positive,0.0,0.001,2,scp_corrupted,0.9774261100649444,41.05189662272767,225.8692019235115,10.02,45.1738403847023,success
certificate_corruption,false_positive,0.0,0.001,3,scp_corrupted,0.9852041149779593,42.363776944052255,250.46532005952196,11.022,50.093064011904396,success
certificate_corruption,false_positive,0.0,0.001,4,scp_corrupted,0.9811322164405671,41.20755309050382,226.28496037626326,10.02,45.256992075252654,success
certificate_corruption,false_positive,0.0,0.001,5,scp_corrupted,0.9956989893045319,40.82365856148581,216.18782096251763,9.018,43.23756419250353,success
certificate_corruption,false_positive,0.0,0.001,6,scp_corrupted,0.9783547766133329,41.090900617759985,228.43789424571537,10.02,45.68757884914308,success
certificate_corruption,false_positive,0.0,0.001,7,scp_corrupted,0.9927291523844473,38.71643694299344,194.3904672486232,7.014,38.878093449724645,success
certificate_corruption,false_positive,0.0,0.001,8,scp_corrupted,0.9773856384834058,38.11803990085282,183.272867188924,7.014,36.654573437784805,success
certificate_corruption,false_positive,0.0,0.001,9,scp_corrupted,0.9781558285299806,39.12623314119922,197.80686809463117,8.016,39.56137361892624,success
certificate_corruption,false_positive,0.0,0.001,10,scp_corrupted,0.9840006336300443,41.32802661246186,223.2317634570306,10.02,44.64635269140612,success
certificate_corruption,false_positive,0.0,0.001,11,scp_corrupted,0.992202390431504,42.66470278855467,246.90679829203268,11.022,49.38135965840654,success
certificate_corruption,false_positive,0.0,0.001,12,scp_corrupted,0.9803659490673902,40.195003911762996,215.3637012640511,9.018,43.07274025281022,success
certificate_corruption,false_positive,0.0,0.001,13,scp_corrupted,0.988423172590947,41.513773248819774,236.30072159453178,10.02,47.260144318906356,success
certificate_corruption,false_positive,0.0,0.001,14,scp_corrupted,0.9822950284571731,40.274096166744094,211.03474449605287,9.018,42.20694889921057,success
certificate_corruption,false_positive,0.0,0.001,15,scp_corrupted,0.9921114436104295,38.69234630080675,181.92236793638455,7.014,36.38447358727691,success
certificate_corruption,false_positive,0.0,0.001,16,scp_corrupted,0.9860722258328093,42.401105710810796,243.66094634720343,11.022,48.73218926944069,success
certificate_corruption,false_positive,0.0,0.001,17,scp_corrupted,0.9862049782314106,38.46199415102502,187.35890621544817,7.014,37.47178124308964,success
certificate_corruption,false_positive,0.0,0.001,18,scp_corrupted,0.9962836603340441,38.855062753027724,189.99177336471976,7.014,37.998354672943954,success
certificate_corruption,false_positive,0.0,0.001,19,scp_corrupted,0.9857735191045912,42.388261321497424,243.7961279284295,11.022,48.759225585685904,success
certificate_corruption,false_positive,0.0,0.001,20,scp_corrupted,0.9794744846647017,40.15845387125277,207.40517342741094,9.018,41.48103468548219,success
certificate_corruption,false_positive,0.0,0.001,21,scp_corrupted,0.9921035797633768,38.692039610771694,184.12299811790095,7.014,36.82459962358019,success
certificate_corruption,false_positive,0.0,0.001,22,scp_corrupted,0.9853734939191814,41.38568674460562,225.9950215209318,10.02,45.19900430418636,success
certificate_corruption,false_positive,0.0,0.001,23,scp_corrupted,0.9920197247824196,40.6728087160792,216.53249390183188,9.018,43.30649878036638,success
certificate_corruption,false_positive,0.0,0.001,24,scp_corrupted,0.9823457374986212,40.27617523744347,216.7405076143231,9.018,43.348101522864624,success
certificate_corruption,false_positive,0.0,0.001,25,scp_corrupted,0.9776256942226694,40.082653463129446,211.58122301873874,9.018,42.31624460374775,success
certificate_corruption,false_positive,0.0,0.001,26,scp_corrupted,0.9811260482480681,42.18842007466693,243.09990835909113,11.022,48.61998167181823,success
certificate_corruption,false_positive,0.0,0.001,27,scp_corrupted,0.9866403071844959,40.452252594564335,209.15156439644775,9.018,41.83031287928955,success
certificate_corruption,false_positive,0.0,0.001,28,scp_corrupted,0.9817113259674378,42.213587016599824,246.4528142212452,11.022,49.290562844249045,success
certificate_corruption,false_positive,0.0,0.001,29,scp_corrupted,0.9943639842647789,42.757651323385495,242.1530334861656,11.022,48.430606697233124,success
certificate_corruption,false_positive,0.0,0.005,0,scp_corrupted,0.9294118527471361,39.035297815379714,224.9690853016397,10.1,44.99381706032794,spurious_cut_pruned_valid_plan
certificate_corruption,false_positive,0.0,0.005,1,scp_corrupted,0.9309395276642778,38.16852063423539,205.60349721581795,9.09,41.120699443163595,spurious_cut_pruned_valid_plan
certificate_corruption,false_positive,0.0,0.005,2,scp_corrupted,0.9377797303488398,37.51118921395359,201.18476071626353,8.08,40.23695214325271,spurious_cut_pruned_valid_plan
certificate_corruption,false_positive,0.0,0.005,3,scp_corrupted,0.9353565661347073,39.284975777657706,230.50014846422246,10.1,46.100029692844494,spurious_cut_pruned_valid_plan
certificate_corruption,false_positive,0.0,0.005,4,scp_corrupted,0.9446694248730731,39.67611584466907,223.1450814272675,10.1,44.6290162854535,spurious_cut_pruned_valid_plan
certificate_corruption,false_positive,0.0,0.005,5,scp_corrupted,0.9442625124431235,36.82623798528182,176.86204966322666,7.07,35.37240993264533,spurious_cut_pruned_valid_plan
certificate_corruption,false_positive,0.0,0.005,6,scp_corrupted,0.9300721215510588,36.27281274049129,178.44479078697617,7.07,35.688958157395234,spurious_cut_pruned_valid_plan
certificate_corruption,false_positive,0.0,0.005,7,scp_corrupted,0.9420016789910676,37.680067159642704,190.8673962519756,8.08,38.173479250395125,spurious_cut_pruned_valid_plan
certificate_corruption,false_positive,0.0,0.005,8,scp_corrupted,0.9421668760659949,36.7445081665738,182.5738225329246,7.07,36.51476450658492,spurious_cut_pruned_valid_plan
certificate_corruption,false_positive,0.0,0.005,9,scp_corrupted,0.9442437971775663,38.71399568428022,211.37227250608126,9.09,42.274454501216255,spurious_cut_pruned_valid_plan
certificate_corruption,false_positive,0.0,0.005,10,scp_corrupted,0.9403928114661483,36.67531964717978,186.2654561274256,7.07,37.25309122548512,spurious_cut_pruned_valid_plan
certificate_corruption,false_positive,0.0,0.005,11,scp_corrupted,0.934717804398506,39.258147784737254,221.30803895677292,10.1,44.261607791354585,spurious_cut_pruned_valid_plan
certificate_corruption,false_positive,0.0,0.005,12,scp_corrupted,0.932974686585092,36.38601277681859,183.14801088452862,7.07,36.62960217690573,spurious_cut_pruned_valid_plan
certificate_corruption,false_positive,0.0,0.005,13,scp_corrupted,0.9346082164807915,36.449720442750866,178.26341445642834,7.07,35.65268289128567,spurious_cut_pruned_valid_plan
certificate_corruption,false_positive,0.0,0.005,14,scp_corrupted,0.9292324898169633,38.098532082495495,211.47265102461645,9.09,42.29453020492329,spurious_cut_pruned_valid_plan
certificate_corruption,false_positive,0.0,0.005,15,scp_corrupted,0.9429563526107966,40.547123162264256,235.35920230836393,11.11,47.07184046167279,spurious_cut_pruned_valid_plan
certificate_corruption,false_positive,0.0,0.005,16,scp_corrupted,0.9290803452737111,36.23413346567473,191.0953534358159,7.07,38.21907068716318,spurious_cut_pruned_valid_plan
certificate_corruption,false_positive,0.0,0.005,17,scp_corrupted,0.9399349748406914,38.537333968468346,205.06343256411378,9.09,41.01268651282276,spurious_cut_pruned_valid_plan
certificate_corruption,false_positive,0.0,0.005,18,scp_corrupted,0.9322107725949639,39.15285244898848,223.9254051533775,10.1,44.78508103067551,spurious_cut_pruned_valid_plan
certificate_corruption,false_positive,0.0,0.005,19,scp_corrupted,0.9267576113664442,37.070304454657766,192.98693759714968,8.08,38.59738751942994,spurious_cut_pruned_valid_plan
certificate_corruption,false_positive,0.0,0.005,20,scp_corrupted,0.9421353026447765,40.51181801372539,234.11964345237874,11.11,46.82392869047575,spurious_cut_pruned_valid_plan
certificate_corruption,false_positive,0.0,0.005,21,scp_corrupted,0.9428782027789887,40.54376271949651,243.93678138930804,11.11,48.78735627786161,spurious_cut_pruned_valid_plan
certificate_corruption,false_positive,0.0,0.005,22,scp_corrupted,0.9271057175595974,36.1571229848243,182.03176039027343,7.07,36.40635207805469,spurious_cut_pruned_valid_plan
certificate_corruption,false_positive,0.0,0.005,23,scp_corrupted,0.9278910959146934,39.899317124331816,245.3559932272704,11.11,49.07119864545408,spurious_cut_pruned_valid_plan
certificate_corruption,false_positive,0.0,0.005,24,scp_corrupted,0.940002713656314,38.540111259908876,212.14393986831448,9.09,42.4287879736629,spurious_cut_pruned_valid_plan
certificate_corruption,false_positive,0.0,0.005,25,scp_corrupted,0.928795168620139,39.93819225066598,233.3361027917078,11.11,46.66722055834156,spurious_cut_pruned_valid_plan
certificate_corruption,false_positive,0.0,0.005,26,scp_corrupted,0.9316609372581924,37.2664374903277,204.5823223061962,8.08,40.916464461239244,spurious_cut_pruned_valid_plan
certificate_corruption,false_positive,0.0,0.005,27,scp_corrupted,0.9391573578702319,39.44460903054974,230.0130438005823,10.1,46.00260876011646,spurious_cut_pruned_valid_plan
certificate_corruption,false_positive,0.0,0.005,28,scp_corrupted,0.9335507979440292,38.2755827157052,209.30614680958465,9.09,41.861229361916934,spurious_cut_pruned_valid_plan
certificate_corruption,false_positive,0.0,0.005,29,scp_corrupted,0.9341246777083207,37.364987108332826,201.4875997396264,8.08,40.29751994792528,spurious_cut_pruned_valid_plan
certificate_corruption,false_positive,0.0,0.01,0,scp_corrupted,0.869301053126633,34.77204212506532,194.1510406756692,8.16,38.830208135133844,spurious_cut_pruned_valid_plan
certificate_corruption,false_positive,0.0,0.01,1,scp_corrupted,0.866082419278099,35.50937919040206,206.37816028111104,9.18,41.27563205622221,spurious_cut_pruned_valid_plan
certificate_corruption,false_positive,0.0,0.01,2,scp_corrupted,0.8792493752522573,37.80772313584706,236.39232401644966,11.22,47.278464803289936,spurious_cut_pruned_valid_plan
certificate_corruption,false_positive,0.0,0.01,3,scp_corrupted,0.8742704759618953,34.97081903847581,196.69499315080574,8.16,39.33899863016115,spurious_cut_pruned_valid_plan
certificate_corruption,false_positive,0.0,0.01,4,scp_corrupted,0.8620511242465396,34.48204496986158,187.35219405012094,8.16,37.47043881002419,spurious_cut_pruned_valid_plan
certificate_corruption,false_positive,0.0,0.01,5,scp_corrupted,0.8743549475369096,37.59726274408711,239.36181438401283,11.22,47.87236287680257,spurious_cut_pruned_valid_plan
certificate_corruption,false_positive,0.0,0.01,6,scp_corrupted,0.8638117417414484,36.28009315314083,219.5590186772996,10.2,43.91180373545993,spurious_cut_pruned_valid_plan
certificate_corruption,false_positive,0.0,0.01,7,scp_corrupted,0.8775873705057038,34.22590744972245,179.90841395757235,7.140000000000001,35.98168279151447,spurious_cut_pruned_valid_plan
certificate_corruption,false_positive,0.0,0.01,8,scp_corrupted,0.8721386597720663,34.88554639088265,198.46919709556417,8.16,39.693839419112834,spurious_cut_pruned_valid_plan
certificate_corruption,false_positive,0.0,0.01,9,scp_corrupted,0.86926429911042,37.37836486174806,236.30553934450268,11.22,47.26110786890054,spurious_cut_pruned_valid_plan
certificate_corruption,false_positive,0.0,0.01,10,scp_corrupted,0.8643342233628322,36.302037381238954,225.60625397106085,10.2,45.12125079421217,spurious_cut_pruned_valid_plan
certificate_corruption,false_positive,0.0,0.01,11,scp_corrupted,0.8658265809067278,35.498889817175844,205.17702327154478,9.18,41.03540465430896,spurious_cut_pruned_valid_plan
certificate_corruption,false_positive,0.0,0.01,12,scp_corrupted,0.8783614876161804,34.256098017031036,175.27923355088464,7.140000000000001,35.05584671017693,spurious_cut_pruned_valid_plan
certificate_corruption,false_positive,0.0,0.01,13,scp_corrupted,0.8783763465841864,35.13505386336745,196.6384263906094,8.16,39.32768527812188,spurious_cut_pruned_valid_plan
certificate_corruption,false_positive,0.0,0.01,14,scp_corrupted,0.8786500097132425,34.26735037881646,178.71905108536023,7.140000000000001,35.743810217072046,spurious_cut_pruned_valid_plan
certificate_corruption,false_positive,0.0,0.01,15,scp_corrupted,0.8779242324465022,36.872817762753094,222.1010706277904,10.2,44.42021412555808,spurious_cut_pruned_valid_plan
certificate_corruption,false_positive,0.0,0.01,16,scp_corrupted,0.8721955078605803,34.015624806562634,185.40258287934,7.140000000000001,37.080516575868,spurious_cut_pruned_valid_plan
certificate_corruption,false_positive,0.0,0.01,17,scp_corrupted,0.8606398273006465,37.0075125739278,228.9884016885608,11.22,45.797680337712166,spurious_cut_pruned_valid_plan
certificate_corruption,false_positive,0.0,0.01,18,scp_corrupted,0.8612289014505284,33.58792715657061,176.48598563754484,7.140000000000001,35.29719712750897,spurious_cut_pruned_valid_plan
certificate_corruption,false_positive,0.0,0.01,19,scp_corrupted,0.8794813453948814,36.93821650658502,211.2606306917314,10.2,42.252126138346284,spurious_cut_pruned_valid_plan
certificate_corruption,false_positive,0.0,0.01,20,scp_corrupted,0.8696403762486787,33.91597467369847,177.86953974615622,7.140000000000001,35.57390794923125,spurious_cut_pruned_valid_plan
certificate_corruption,false_positive,0.0,0.01,21,scp_corrupted,0.8710078023752116,34.840312095008464,198.28670844185814,8.16,39.65734168837163,spurious_cut_pruned_valid_plan
certificate_corruption,false_positive,0.0,0.01,22,scp_corrupted,0.8793091724546024,37.8102944155479,234.99063313633374,11.22,46.99812662726675,spurious_cut_pruned_valid_plan
certificate_corruption,false_positive,0.0,0.01,23,scp_corrupted,0.865353892927599,33.74880182417636,184.65997996260995,7.140000000000001,36.93199599252199,spurious_cut_pruned_valid_plan
certificate_corruption,false_positive,0.0,0.01,24,scp_corrupted,0.8747770188406974,35.865857772468594,198.52673582249565,9.18,39.70534716449913,spurious_cut_pruned_valid_plan
certificate_corruption,false_positive,0.0,0.01,25,scp_corrupted,0.870729061634801,33.95843340375724,182.0817492803645,7.140000000000001,36.416349856072905,spurious_cut_pruned_valid_plan
certificate_corruption,false_positive,0.0,0.01,26,scp_corrupted,0.8654566247277027,37.21463486329122,238.04317352411044,11.22,47.608634704822094,spurious_cut_pruned_valid_plan
certificate_corruption,false_positive,0.0,0.01,27,scp_corrupted,0.8699889254502899,37.40952379436247,232.1259243568888,11.22,46.42518487137776,spurious_cut_pruned_valid_plan
certificate_corruption,false_positive,0.0,0.01,28,scp_corrupted,0.8699420414763932,35.66762370053212,210.1340966176999,9.18,42.02681932353998,spurious_cut_pruned_valid_plan
certificate_corruption,false_positive,0.0,0.01,29,scp_corrupted,0.865710074361468,37.22553319754312,231.0067016517329,11.22,46.20134033034658,spurious_cut_pruned_valid_plan
certificate_corruption,false_positive,0.0,0.02,0,scp_corrupted,0.7376822487202476,30.982654446250397,212.33297445705497,10.4,42.466594891411,spurious_cut_pruned_valid_plan
certificate_corruption,false_positive,0.0,0.02,1,scp_corrupted,0.7362412557347306,31.65837399659342,224.86555836082215,11.440000000000001,44.973111672164436,spurious_cut_pruned_valid_plan
certificate_corruption,false_positive,0.0,0.02,2,scp_corrupted,0.737897960942521,29.51591843770084,179.27480739415955,8.32,35.85496147883191,spurious_cut_pruned_valid_plan
certificate_corruption,false_positive,0.0,0.02,3,scp_corrupted,0.7448709713948853,31.284580798585186,206.60167182613273,10.4,41.32033436522655,spurious_cut_pruned_valid_plan
certificate_corruption,false_positive,0.0,0.02,4,scp_corrupted,0.7390542941620678,31.040280354806846,206.68649881564596,10.4,41.337299763129195,spurious_cut_pruned_valid_plan
certificate_corruption,false_positive,0.0,0.02,5,scp_corrupted,0.7313071597408587,30.714900709116066,205.61169463216254,10.4,41.12233892643251,spurious_cut_pruned_valid_plan
certificate_corruption,false_positive,0.0,0.02,6,scp_corrupted,0.7344281262387724,30.84598130202844,207.9768692269,10.4,41.59537384538,spurious_cut_pruned_valid_plan
certificate_corruption,false_positive,0.0,0.02,7,scp_corrupted,0.7384952700366718,29.53981080146687,185.5684035362509,8.32,37.11368070725018,spurious_cut_pruned_valid_plan
certificate_corruption,false_positive,0.0,0.02,8,scp_corrupted,0.7392957451713853,29.571829806855412,182.46038500870299,8.32,36.4920770017406,spurious_cut_pruned_valid_plan
certificate_corruption,false_positive,0.0,0.02,9,scp_corrupted,0.7367292800868528,28.73244192338726,165.7368943447524,7.28,33.147378868950476,spurious_cut_pruned_valid_plan
certificate_corruption,false_positive,0.0,0.02,10,scp_corrupted,0.7380498467728341,28.78394402414053,170.49828145902163,7.28,34.09965629180433,spurious_cut_pruned_valid_plan
certificate_corruption,false_positive,0.0,0.02,11,scp_corrupted,0.7488618687572265,30.703336619046286,188.13712209416647,9.36,37.62742441883329,spurious_cut_pruned_valid_plan
certificate_corruption,false_positive,0.0,0.02,12,scp_corrupted,0.7326980585112697,31.506016515984598,222.14924169578174,11.440000000000001,44.42984833915635,spurious_cut_pruned_valid_plan
certificate_corruption,false_positive,0.0,0.02,13,scp_corrupted,0.7445309185027935,30.525767658614534,188.4159172583585,9.36,37.6831834516717,spurious_cut_pruned_valid_plan
certificate_corruption,false_positive,0.0,0.02,14,scp_corrupted,0.744677673733864,32.02113997055615,224.00215557757568,11.440000000000001,44.80043111551514,spurious_cut_pruned_valid_plan
certificate_corruption,false_positive,0.0,0.02,15,scp_corrupted,0.7494257608613462,32.225307717037886,218.6054834388823,11.440000000000001,43.72109668777646,spurious_cut_pruned_valid_plan
certificate_corruption,false_positive,0.0,0.02,16,scp_corrupted,0.7454810780862473,31.310205279622387,200.3065699066746,10.4,40.061313981334926,spurious_cut_pruned_valid_plan
certificate_corruption,false_positive,0.0,0.02,17,scp_corrupted,0.7365706450779151,30.935967093272435,208.60430884158288,10.4,41.72086176831658,spurious_cut_pruned_valid_plan
certificate_corruption,false_positive,0.0,0.02,18,scp_corrupted,0.744366605491958,29.77466421967832,180.6484322496252,8.32,36.12968644992504,spurious_cut_pruned_valid_plan
certificate_corruption,false_positive,0.0,0.02,19,scp_corrupted,0.7304834236479685,29.94982036956671,190.40650741606652,9.36,38.0813014832133,spurious_cut_pruned_valid_plan
certificate_corruption,false_positive,0.0,0.02,20,scp_corrupted,0.7407614422682085,31.852742017532965,219.0178333805621,11.440000000000001,43.803566676112425,spurious_cut_pruned_valid_plan
certificate_corruption,false_positive,0.0,0.02,21,scp_corrupted,0.7347280148141324,31.593304637007694,213.948358808162,11.440000000000001,42.789671761632405,spurious_cut_pruned_valid_plan
certificate_corruption,false_positive,0.0,0.02,22,scp_corrupted,0.7340716389830518,31.56508047627123,217.3338843911591,11.440000000000001,43.466776878231826,spurious_cut_pruned_valid_plan
certificate_corruption,false_positive,0.0,0.02,23,scp_corrupted,0.7429857010009815,30.46241374104024,187.65093916248105,9.36,37.53018783249621,spurious_cut_pruned_valid_plan
certificate_corruption,false_positive,0.0,0.02,24,scp_corrupted,0.74968760650771,31.48687947332382,206.60907144779492,10.4,41.321814289558986,spurious_cut_pruned_valid_plan
certificate_corruption,false_positive,0.0,0.02,25,scp_corrupted,0.7451768589378973,30.55225121645379,195.03685212064292,9.36,39.00737042412859,spurious_cut_pruned_valid_plan
certificate_corruption,false_positive,0.0,0.02,26,scp_corrupted,0.7389422152250451,30.29663082422685,194.6903254748442,9.36,38.93806509496884,spurious_cut_pruned_valid_plan
certificate_corruption,false_positive,0.0,0.02,27,scp_corrupted,0.7442634535043403,31.259065047182293,205.0813461441144,10.4,41.016269228822885,spurious_cut_pruned_valid_plan
certificate_corruption,false_positive,0.0,0.02,28,scp_corrupted,0.7364358994118346,30.930307775297056,205.50471576929286,10.4,41.10094315385857,spurious_cut_pruned_valid_plan
certificate_corruption,false_positive,0.0,0.02,29,scp_corrupted,0.7314731885370991,31.45334710709526,213.79740739285006,11.440000000000001,42.75948147857002,spurious_cut_pruned_valid_plan
certificate_corruption,false_positive,0.0,0.05,0,scp_corrupted,0.35890796531926444,15.074134543409107,168.57686949765207,11.0,33.71537389953041,spurious_cut_pruned_valid_plan
certificate_corruption,false_positive,0.0,0.05,1,scp_corrupted,0.3509133377987198,14.036533511948793,152.43160452900995,8.8,30.48632090580199,spurious_cut_pruned_valid_plan
certificate_corruption,false_positive,0.0,0.05,2,scp_corrupted,0.3413453365577513,14.336504135425555,172.54623418450217,11.0,34.50924683690044,spurious_cut_pruned_valid_plan
certificate_corruption,false_positive,0.0,0.05,3,scp_corrupted,0.3411511331218938,14.32834759111954,166.80962315970913,11.0,33.361924631941825,spurious_cut_pruned_valid_plan
certificate_corruption,false_positive,0.0,0.05,4,scp_corrupted,0.35680640833411703,14.629062741698798,164.79324133161532,9.9,32.95864826632307,spurious_cut_pruned_valid_plan
certificate_corruption,false_positive,0.0,0.05,5,scp_corrupted,0.3507523124662499,15.082349436048744,178.6112348266314,12.100000000000001,35.722246965326285,spurious_cut_pruned_valid_plan
certificate_corruption,false_positive,0.0,0.05,6,scp_corrupted,0.3482492420354473,14.626468165488788,169.10669621344806,11.0,33.82133924268961,spurious_cut_pruned_valid_plan
certificate_corruption,false_positive,0.0,0.05,7,scp_corrupted,0.3543620459068938,15.237567973996434,179.6601104352676,12.100000000000001,35.93202208705352,spurious_cut_pruned_valid_plan
certificate_corruption,false_positive,0.0,0.05,8,scp_corrupted,0.34175509399486814,14.69546904177933,188.09655938328694,12.100000000000001,37.61931187665739,spurious_cut_pruned_valid_plan
certificate_corruption,false_positive,0.0,0.05,9,scp_corrupted,0.3426851291379364,14.39277542379333,171.03256178423766,11.0,34.20651235684753,spurious_cut_pruned_valid_plan
certificate_corruption,false_positive,0.0,0.05,10,scp_corrupted,0.35952616940936494,15.100099115193327,178.07490128549702,11.0,35.614980257099404,spurious_cut_pruned_valid_plan
certificate_corruption,false_positive,0.0,0.05,11,scp_corrupted,0.34149844264880824,14.001436148601138,165.42177785374403,9.9,33.084355570748805,spurious_cut_pruned_valid_plan
certificate_corruption,false_positive,0.0,0.05,12,scp_corrupted,0.35190153606053487,14.076061442421395,155.07704638885485,8.8,31.01540927777097,spurious_cut_pruned_valid_plan
certificate_corruption,false_positive,0.0,0.05,13,scp_corrupted,0.34481198636847615,13.44766746837057,143.74619880737222,7.700000000000001,28.749239761474445,spurious_cut_pruned_valid_plan
certificate_corruption,false_positive,0.0,0.05,14,scp_corrupted,0.356634705572045,14.978657634025891,178.14986102594935,11.0,35.62997220518987,spurious_cut_pruned_valid_plan
certificate_corruption,false_positive,0.0,0.05,15,scp_corrupted,0.34728566923769394,14.585998107983146,177.01891988701212,11.0,35.403783977402426,spurious_cut_pruned_valid_plan
certificate_corruption,false_positive,0.0,0.05,16,scp_corrupted,0.3470061497598773,14.574258289914848,169.5644674366011,11.0,33.91289348732022,spurious_cut_pruned_valid_plan
certificate_corruption,false_positive,0.0,0.05,17,scp_corrupted,0.34154847833529417,14.686584568417649,179.06061215906112,12.100000000000001,35.81212243181223,spurious_cut_pruned_valid_plan
certificate_corruption,false_positive,0.0,0.05,18,scp_corrupted,0.35554527180155765,15.28844668746698,188.5211518293241,12.100000000000001,37.704230365864824,spurious_cut_pruned_valid_plan
certificate_corruption,false_positive,0.0,0.05,19,scp_corrupted,0.34650777669881855,13.513803291253923,141.79779167854076,7.700000000000001,28.359558335708154,spurious_cut_pruned_valid_plan
certificate_corruption,false_positive,0.0,0.05,20,scp_corrupted,0.34349855016005754,13.739942006402302,148.2999566916228,8.8,29.659991338324563,spurious_cut_pruned_valid_plan
certificate_corruption,false_positive,0.0,0.05,21,scp_corrupted,0.34556574236478566,14.513761179320998,173.09549506271662,11.0,34.61909901254332,spurious_cut_pruned_valid_plan
certificate_corruption,false_positive,0.0,0.05,22,scp_corrupted,0.35402646504661267,14.161058601864507,155.09986191577232,8.8,31.019972383154467,spurious_cut_pruned_valid_plan
certificate_corruption,false_positive,0.0,0.05,23,scp_corrupted,0.35754256463913137,14.301702585565256,151.2413251461203,8.8,30.248265029224058,spurious_cut_pruned_valid_plan
certificate_corruption,false_positive,0.0,0.05,24,scp_corrupted,0.3569185755597227,15.347498749068075,184.96228292234002,12.100000000000001,36.99245658446801,spurious_cut_pruned_valid_plan
certificate_corruption,false_positive,0.0,0.05,25,scp_corrupted,0.3554808219606453,14.219232878425812,155.03141219822658,8.8,31.006282439645318,spurious_cut_pruned_valid_plan
certificate_corruption,false_positive,0.0,0.05,26,scp_corrupted,0.34623415240636785,14.888068553473817,187.69281218320313,12.100000000000001,37.538562436640625,spurious_cut_pruned_valid_plan
certificate_corruption,false_positive,0.0,0.05,27,scp_corrupted,0.3480636600032479,13.922546400129916,148.99355736733153,8.8,29.79871147346631,spurious_cut_pruned_valid_plan
certificate_corruption,false_positive,0.0,0.05,28,scp_corrupted,0.34219501061445956,14.029995435192841,156.31978879891233,9.9,31.263957759782468,spurious_cut_pruned_valid_plan
certificate_corruption,false_positive,0.0,0.05,29,scp_corrupted,0.34546127692807127,14.163912354050922,157.06583304457487,9.9,31.413166608914977,spurious_cut_pruned_valid_plan
certificate_corruption,false_positive,0.0,0.1,0,scp_corrupted,0.0,0.0,121.13617063597971,13.2,24.227234127195942,spurious_cut_pruned_valid_plan
certificate_corruption,false_positive,0.0,0.1,1,scp_corrupted,0.0,0.0,113.52093118107862,12.0,22.704186236215726,spurious_cut_pruned_valid_plan
certificate_corruption,false_positive,0.0,0.1,2,scp_corrupted,0.0,0.0,120.36222822738493,13.2,24.07244564547699,spurious_cut_pruned_valid_plan
certificate_corruption,false_positive,0.0,0.1,3,scp_corrupted,0.0,0.0,111.75073219485529,12.0,22.35014643897106,spurious_cut_pruned_valid_plan
certificate_corruption,false_positive,0.0,0.1,4,scp_corrupted,0.0,0.0,107.55803346393813,10.799999999999999,21.511606692787627,spurious_cut_pruned_valid_plan
certificate_corruption,false_positive,0.0,0.1,5,scp_corrupted,0.0,0.0,92.69906895010328,8.4,18.539813790020656,spurious_cut_pruned_valid_plan
certificate_corruption,false_positive,0.0,0.1,6,scp_corrupted,0.0,0.0,115.41892272229292,12.0,23.083784544458585,spurious_cut_pruned_valid_plan
certificate_corruption,false_positive,0.0,0.1,7,scp_corrupted,0.0,0.0,97.14809764965132,9.6,19.429619529930264,spurious_cut_pruned_valid_plan
certificate_corruption,false_positive,0.0,0.1,8,scp_corrupted,0.0,0.0,124.66098572635006,13.2,24.932197145270013,spurious_cut_pruned_valid_plan
certificate_corruption,false_positive,0.0,0.1,9,scp_corrupted,0.0,0.0,105.61913449214435,10.799999999999999,21.123826898428874,spurious_cut_pruned_valid_plan
certificate_corruption,false_positive,0.0,0.1,10,scp_corrupted,0.0,0.0,103.55272579823072,9.6,20.710545159646145,spurious_cut_pruned_valid_plan
certificate_corruption,false_positive,0.0,0.1,11,scp_corrupted,0.0,0.0,117.21701312196645,12.0,23.44340262439329,spurious_cut_pruned_valid_plan
certificate_corruption,false_positive,0.0,0.1,12,scp_corrupted,0.0,0.0,97.77152181514633,9.6,19.554304363029267,spurious_cut_pruned_valid_plan
certificate_corruption,false_positive,0.0,0.1,13,scp_corrupted,0.0,0.0,111.85634471702654,10.799999999999999,22.371268943405312,spurious_cut_pruned_valid_plan
certificate_corruption,false_positive,0.0,0.1,14,scp_corrupted,0.0,0.0,112.12082397557427,12.0,22.424164795114855,spurious_cut_pruned_valid_plan
certificate_corruption,false_positive,0.0,0.1,15,scp_corrupted,0.0,0.0,98.85216149269807,9.6,19.770432298539617,spurious_cut_pruned_valid_plan
certificate_corruption,false_positive,0.0,0.1,16,scp_corrupted,0.0,0.0,91.29399408643029,8.4,18.25879881728606,spurious_cut_pruned_valid_plan
certificate_corruption,false_positive,0.0,0.1,17,scp_corrupted,0.0,0.0,115.87451233145441,12.0,23.174902466290884,spurious_cut_pruned_valid_plan
certificate_corruption,false_positive,0.0,0.1,18,scp_corrupted,0.0,0.0,123.70039846469844,13.2,24.740079692939688,spurious_cut_pruned_valid_plan
certificate_corruption,false_positive,0.0,0.1,19,scp_corrupted,0.0,0.0,122.76943648024972,13.2,24.553887296049947,spurious_cut_pruned_valid_plan
certificate_corruption,false_positive,0.0,0.1,20,scp_corrupted,0.0,0.0,113.92550384404947,12.0,22.785100768809897,spurious_cut_pruned_valid_plan
certificate_corruption,false_positive,0.0,0.1,21,scp_corrupted,0.0,0.0,119.272502465296,13.2,23.854500493059202,spurious_cut_pruned_valid_plan
certificate_corruption,false_positive,0.0,0.1,22,scp_corrupted,0.0,0.0,105.64533202101228,10.799999999999999,21.129066404202458,spurious_cut_pruned_valid_plan
certificate_corruption,false_positive,0.0,0.1,23,scp_corrupted,0.0,0.0,98.84289533507932,9.6,19.768579067015864,spurious_cut_pruned_valid_plan
certificate_corruption,false_positive,0.0,0.1,24,scp_corrupted,0.0,0.0,113.75657024066187,12.0,22.751314048132375,spurious_cut_pruned_valid_plan
certificate_corruption,false_positive,0.0,0.1,25,scp_corrupted,0.0,0.0,113.24722156174496,12.0,22.649444312348994,spurious_cut_pruned_valid_plan
certificate_corruption,false_positive,0.0,0.1,26,scp_corrupted,0.0,0.0,124.60704839987065,13.2,24.921409679974133,spurious_cut_pruned_valid_plan
certificate_corruption,false_positive,0.0,0.1,27,scp_corrupted,0.0,0.0,93.84703610413158,8.4,18.769407220826317,spurious_cut_pruned_valid_plan
certificate_corruption,false_positive,0.0,0.1,28,scp_corrupted,0.0,0.0,106.64519815402687,10.799999999999999,21.329039630805376,spurious_cut_pruned_valid_plan
certificate_corruption,false_positive,0.0,0.1,29,scp_corrupted,0.0,0.0,124.42131349953722,13.2,24.884262699907445,spurious_cut_pruned_valid_plan
certificate_corruption,mixed,0.25,0.005,0,scp_corrupted,0.9615154169071937,37.49910125938055,241.42301023239403,5.302499999999999,48.28460204647881,mixed_corruption
certificate_corruption,mixed,0.25,0.005,1,scp_corrupted,0.9589634286484411,37.3995737172892,240.95160413072227,5.302499999999999,48.19032082614446,mixed_corruption
certificate_corruption,mixed,0.25,0.005,2,scp_corrupted,0.9501875369881183,39.90787655350097,302.01911958650606,7.574999999999999,60.40382391730122,mixed_corruption
certificate_corruption,mixed,0.25,0.005,3,scp_corrupted,0.9528841487617573,39.06825009923205,284.732196011087,6.8175,56.946439202217405,mixed_corruption
certificate_corruption,mixed,0.25,0.005,4,scp_corrupted,0.9462729578356636,39.74346422909787,308.49251067976013,7.574999999999999,61.698502135952026,mixed_corruption
certificate_corruption,mixed,0.25,0.005,5,scp_corrupted,0.9640855974531727,38.563423898126906,273.49159311344897,6.06,54.6983186226898,mixed_corruption
certificate_corruption,mixed,0.25,0.005,6,scp_corrupted,0.9579116683387585,40.232290070227855,308.48595533901545,7.574999999999999,61.69719106780309,mixed_corruption
certificate_corruption,mixed,0.25,0.005,7,scp_corrupted,0.9451933571022207,38.75292764119105,274.8001308141471,6.8175,54.96002616282942,mixed_corruption
certificate_corruption,mixed,0.25,0.005,8,scp_corrupted,0.9609449994198778,39.398744976214985,293.0004468149565,6.8175,58.6000893629913,mixed_corruption
certificate_corruption,mixed,0.25,0.005,9,scp_corrupted,0.9461269199609319,38.79120371839821,286.71634919660244,6.8175,57.34326983932049,mixed_corruption
certificate_corruption,mixed,0.25,0.005,10,scp_corrupted,0.9555527642972909,40.133216100486216,309.4912009909483,7.574999999999999,61.89824019818966,mixed_corruption
certificate_corruption,mixed,0.25,0.005,11,scp_corrupted,0.9512600403309424,38.050401613237696,261.3099226802502,6.06,52.26198453605005,mixed_corruption
certificate_corruption,mixed,0.25,0.005,12,scp_corrupted,0.9528557014116923,39.06708375787938,291.66830212333286,6.8175,58.333660424666576,mixed_corruption
certificate_corruption,mixed,0.25,0.005,13,scp_corrupted,0.9457229147297842,38.77463950392115,293.40351193130607,6.8175,58.68070238626122,mixed_corruption
certificate_corruption,mixed,0.25,0.005,14,scp_corrupted,0.9541354205341666,38.16541682136666,255.68276778146264,6.06,51.13655355629253,mixed_corruption
certificate_corruption,mixed,0.25,0.005,15,scp_corrupted,0.9559962979424459,41.10784081152517,327.90451811618357,8.3325,65.58090362323672,mixed_corruption
certificate_corruption,mixed,0.25,0.005,16,scp_corrupted,0.947726451279964,40.75223740503845,314.6453644475502,8.3325,62.929072889510046,mixed_corruption
certificate_corruption,mixed,0.25,0.005,17,scp_corrupted,0.9539207534028755,39.110750889517895,282.7685002000458,6.8175,56.55370004000917,mixed_corruption
certificate_corruption,mixed,0.25,0.005,18,scp_corrupted,0.9541626225176189,38.16650490070475,265.47646701259134,6.06,53.09529340251827,mixed_corruption
certificate_corruption,mixed,0.25,0.005,19,scp_corrupted,0.9593051993297972,38.37220797319189,262.6139816136985,6.06,52.52279632273971,mixed_corruption
certificate_corruption,mixed,0.25,0.005,20,scp_corrupted,0.9473213523301134,36.94553274087442,256.5672196591109,5.302499999999999,51.31344393182218,mixed_corruption
certificate_corruption,mixed,0.25,0.005,21,scp_corrupted,0.9504996465507163,38.01998586202865,274.5415990934992,6.06,54.908319818699844,mixed_corruption
certificate_corruption,mixed,0.25,0.005,22,scp_corrupted,0.9579264097221057,41.19083561805055,325.0004165267054,8.3325,65.00008330534108,mixed_corruption
certificate_corruption,mixed,0.25,0.005,23,scp_corrupted,0.9535576510081825,38.1423060403273,255.97524130614013,6.06,51.19504826122803,mixed_corruption
certificate_corruption,mixed,0.25,0.005,24,scp_corrupted,0.9551739748352043,37.25178501857297,247.77732285674537,5.302499999999999,49.55546457134908,mixed_corruption
certificate_corruption,mixed,0.25,0.005,25,scp_corrupted,0.9601832312934763,39.36751248303253,277.04923785462876,6.8175,55.409847570925756,mixed_corruption
certificate_corruption,mixed,0.25,0.005,26,scp_corrupted,0.9626819796077656,40.43264314352616,295.47676994098595,7.574999999999999,59.09535398819719,mixed_corruption
certificate_corruption,mixed,0.25,0.005,27,scp_corrupted,0.9622039578971429,37.525954357988574,239.77456687178713,5.302499999999999,47.95491337435743,mixed_corruption
certificate_corruption,mixed,0.25,0.005,28,scp_corrupted,0.9625875441784504,38.50350176713802,266.4711774615159,6.06,53.29423549230318,mixed_corruption
certificate_corruption,mixed,0.25,0.005,29,scp_corrupted,0.955765931941288,40.1421691415341,304.9431438251325,7.574999999999999,60.988628765026505,mixed_corruption
certificate_corruption,mixed,0.5,0.005,0,scp_corrupted,0.9543010531266329,38.17204212506532,475.67004965538956,4.06,95.13400993107791,mixed_corruption
certificate_corruption,mixed,0.5,0.005,1,scp_corrupted,0.951082419278099,38.99437919040206,505.62649268872207,4.5675,101.12529853774441,mixed_corruption
certificate_corruption,mixed,0.5,0.005,2,scp_corrupted,0.9642493752522573,41.462723135847064,579.1611938403017,5.5825,115.83223876806035,mixed_corruption
certificate_corruption,mixed,0.5,0.005,3,scp_corrupted,0.9592704759618953,38.370819038475815,481.9027332194741,4.06,96.38054664389483,mixed_corruption
certificate_corruption,mixed,0.5,0.005,4,scp_corrupted,0.9470511242465396,37.88204496986158,459.0128754227963,4.06,91.80257508455927,mixed_corruption
certificate_corruption,mixed,0.5,0.005,5,scp_corrupted,0.9593549475369095,41.25226274408711,586.4364452408315,5.5825,117.28728904816631,mixed_corruption
certificate_corruption,mixed,0.5,0.005,6,scp_corrupted,0.9488117417414483,39.85009315314083,537.919595759384,5.074999999999999,107.58391915187681,mixed_corruption
certificate_corruption,mixed,0.5,0.005,7,scp_corrupted,0.9625873705057038,37.54090744972245,440.77561419605223,3.5524999999999998,88.15512283921045,mixed_corruption
certificate_corruption,mixed,0.5,0.005,8,scp_corrupted,0.9571386597720662,38.28554639088265,486.24953288413224,4.06,97.24990657682645,mixed_corruption
certificate_corruption,mixed,0.5,0.005,9,scp_corrupted,0.95426429911042,41.03336486174806,578.9485713940315,5.5825,115.78971427880631,mixed_corruption
certificate_corruption,mixed,0.5,0.005,10,scp_corrupted,0.9493342233628321,39.87203738123895,552.7353222290991,5.074999999999999,110.54706444581983,mixed_corruption
certificate_corruption,mixed,0.5,0.005,11,scp_corrupted,0.9508265809067278,38.983889817175836,502.6837070152847,4.5675,100.53674140305695,mixed_corruption
certificate_corruption,mixed,0.5,0.005,12,scp_corrupted,0.9633614876161803,37.571098017031034,429.4341221996674,3.5524999999999998,85.88682443993349,mixed_corruption
certificate_corruption,mixed,0.5,0.005,13,scp_corrupted,0.9633763465841864,38.53505386336745,481.76414465699304,4.06,96.35282893139862,mixed_corruption
certificate_corruption,mixed,0.5,0.005,14,scp_corrupted,0.9636500097132424,37.58235037881646,437.8616751591326,3.5524999999999998,87.57233503182653,mixed_corruption
certificate_corruption,mixed,0.5,0.005,15,scp_corrupted,0.9629242324465022,40.442817762753094,544.1476230380865,5.074999999999999,108.82952460761732,mixed_corruption
certificate_corruption,mixed,0.5,0.005,16,scp_corrupted,0.9571955078605803,37.33062480656263,454.236328054383,3.5524999999999998,90.8472656108766,mixed_corruption
certificate_corruption,mixed,0.5,0.005,17,scp_corrupted,0.9456398273006464,40.6625125739278,561.021584136974,5.5825,112.20431682739479,mixed_corruption
certificate_corruption,mixed,0.5,0.005,18,scp_corrupted,0.9462289014505284,36.902927156570605,432.3906648119849,3.5524999999999998,86.47813296239698,mixed_corruption
certificate_corruption,mixed,0.5,0.005,19,scp_corrupted,0.9644813453948814,40.50821650658502,517.588545194742,5.074999999999999,103.5177090389484,mixed_corruption
certificate_corruption,mixed,0.5,0.005,20,scp_corrupted,0.9546403762486787,37.23097467369847,435.78037237808275,3.5524999999999998,87.15607447561655,mixed_corruption
certificate_corruption,mixed,0.5,0.005,21,scp_corrupted,0.9560078023752115,38.24031209500846,485.80243568255247,4.06,97.1604871365105,mixed_corruption
certificate_corruption,mixed,0.5,0.005,22,scp_corrupted,0.9643091724546023,41.4652944155479,575.7270511840177,5.5825,115.14541023680354,mixed_corruption
certificate_corruption,mixed,0.5,0.005,23,scp_corrupted,0.950353892927599,37.06380182417636,452.4169509083944,3.5524999999999998,90.48339018167889,mixed_corruption
certificate_corruption,mixed,0.5,0.005,24,scp_corrupted,0.9597770188406973,39.35085777246859,486.3905027651143,4.5675,97.27810055302287,mixed_corruption
certificate_corruption,mixed,0.5,0.005,25,scp_corrupted,0.955729061634801,37.27343340375724,446.10028573689306,3.5524999999999998,89.22005714737861,mixed_corruption
certificate_corruption,mixed,0.5,0.005,26,scp_corrupted,0.9504566247277026,40.86963486329121,583.2057751340706,5.5825,116.64115502681412,mixed_corruption
certificate_corruption,mixed,0.5,0.005,27,scp_corrupted,0.9549889254502899,41.064523794362465,568.7085146743775,5.5825,113.7417029348755,mixed_corruption
certificate_corruption,mixed,0.5,0.005,28,scp_corrupted,0.9549420414763932,39.15262370053212,514.8285367133647,4.5675,102.96570734267294,mixed_corruption
certificate_corruption,mixed,0.5,0.005,29,scp_corrupted,0.9507100743614679,40.88053319754312,565.9664190467456,5.5825,113.19328380934913,mixed_corruption
certificate_corruption,mixed,0.75,0.01,0,scp_corrupted,0.9058524202537606,37.139949230404184,863.0869539947558,2.3850000000000002,172.6173907989512,mixed_corruption
certificate_corruption,mixed,0.75,0.01,1,scp_corrupted,0.9191049239406726,35.84509203368623,739.0229501215144,1.855,147.80459002430288,mixed_corruption
certificate_corruption,mixed,0.75,0.01,2,scp_corrupted,0.9118310338166576,39.20873445411628,941.3994598275232,2.915,188.27989196550465,mixed_corruption
certificate_corruption,mixed,0.75,0.01,3,scp_corrupted,0.9119373983172783,39.21330812764297,954.8400979950588,2.915,190.96801959901177,mixed_corruption
certificate_corruption,mixed,0.75,0.01,4,scp_corrupted,0.9128406174796733,35.60078408170726,747.6553014543551,1.855,149.53106029087104,mixed_corruption
certificate_corruption,mixed,0.75,0.01,5,scp_corrupted,0.9140152794495698,35.64659589853322,748.216036168725,1.855,149.64320723374502,mixed_corruption
certificate_corruption,mixed,0.75,0.01,6,scp_corrupted,0.9037554851733524,37.9577303772808,878.0193714439439,2.6500000000000004,175.6038742887888,mixed_corruption
certificate_corruption,mixed,0.75,0.01,7,scp_corrupted,0.9071457791229475,37.19297694404084,819.4733322726981,2.3850000000000002,163.89466645453965,mixed_corruption
certificate_corruption,mixed,0.75,0.01,8,scp_corrupted,0.9119471821770035,36.477887287080144,805.9522096658272,2.12,161.19044193316546,mixed_corruption
certificate_corruption,mixed,0.75,0.01,9,scp_corrupted,0.9194740991298188,37.69843806432257,879.6110083185554,2.3850000000000002,175.9222016637111,mixed_corruption
certificate_corruption,mixed,0.75,0.01,10,scp_corrupted,0.9092612210935914,37.279710064837246,863.3405394058301,2.3850000000000002,172.66810788116604,mixed_corruption
certificate_corruption,mixed,0.75,0.01,11,scp_corrupted,0.9078985201600286,36.315940806401144,819.4041786148781,2.12,163.88083572297563,mixed_corruption
certificate_corruption,mixed,0.75,0.01,12,scp_corrupted,0.9135322527846833,36.54129011138733,788.9144470074323,2.12,157.78288940148647,mixed_corruption
certificate_corruption,mixed,0.75,0.01,13,scp_corrupted,0.9188632325966247,39.51111900165486,958.8887351519086,2.915,191.77774703038173,mixed_corruption
certificate_corruption,mixed,0.75,0.01,14,scp_corrupted,0.9174489076654007,39.45030302961223,939.1229985625928,2.915,187.82459971251856,mixed_corruption
certificate_corruption,mixed,0.75,0.01,15,scp_corrupted,0.9015241547551509,36.96249034496119,821.2540796608781,2.3850000000000002,164.25081593217564,mixed_corruption
certificate_corruption,mixed,0.75,0.01,16,scp_corrupted,0.9058294990050357,38.95066845721654,949.833892362776,2.915,189.96677847255523,mixed_corruption
certificate_corruption,mixed,0.75,0.01,17,scp_corrupted,0.9110822252367129,36.443289009468515,793.5547948734812,2.12,158.71095897469627,mixed_corruption
certificate_corruption,mixed,0.75,0.01,18,scp_corrupted,0.9122125869214872,39.22514123762395,960.9554170400387,2.915,192.19108340800776,mixed_corruption
certificate_corruption,mixed,0.75,0.01,19,scp_corrupted,0.9130693640144729,37.43584392459339,858.9053989751277,2.3850000000000002,171.78107979502556,mixed_corruption
certificate_corruption,mixed,0.75,0.01,20,scp_corrupted,0.9161884117628084,35.731348058749525,766.2098335163067,1.855,153.24196670326134,mixed_corruption
certificate_corruption,mixed,0.75,0.01,21,scp_corrupted,0.9043285097896551,35.268811881796545,747.5665268016248,1.855,149.51330536032498,mixed_corruption
certificate_corruption,mixed,0.75,0.01,22,scp_corrupted,0.9165775953120657,36.66310381248263,786.6173350263986,2.12,157.32346700527972,mixed_corruption
certificate_corruption,mixed,0.75,0.01,23,scp_corrupted,0.9065863520446903,36.263454081787614,779.0225463313121,2.12,155.80450926626244,mixed_corruption
certificate_corruption,mixed,0.75,0.01,24,scp_corrupted,0.9056751221901438,35.321329765415605,707.4357276366358,1.855,141.48714552732716,mixed_corruption
certificate_corruption,mixed,0.75,0.01,25,scp_corrupted,0.9093848639152298,38.19416428443965,927.7393433352885,2.6500000000000004,185.5478686670577,mixed_corruption
certificate_corruption,mixed,0.75,0.01,26,scp_corrupted,0.9115593736093416,35.55081557076432,764.1630579981243,1.855,152.83261159962487,mixed_corruption
certificate_corruption,mixed,0.75,0.01,27,scp_corrupted,0.9118685818960989,37.38661185774006,818.202416214551,2.3850000000000002,163.64048324291022,mixed_corruption
certificate_corruption,mixed,0.75,0.01,28,scp_corrupted,0.9051255571817134,36.205022287268534,802.423760322834,2.12,160.4847520645668,mixed_corruption
certificate_corruption,mixed,0.75,0.01,29,scp_corrupted,0.9097043977332929,36.388175909331714,794.3520209800624,2.12,158.8704041960125,mixed_corruption
