episode_id,method,success,cost,gate_crossings,expansions,pruned_commitments,zones,nodes,objects,certificates,failure_reason
0,greedy_local,0,,6,66,0,7,41,11,6,attempted_reverse_or_nonexistent_committed_edge
0,relaxed_agenda,0,,6,492,0,7,41,11,6,attempted_reverse_or_nonexistent_committed_edge
0,exact_lifted_astar,1,34,,3485,0,7,41,11,6,success
0,scp_cut_obligations,1,34,,86,10,7,41,11,6,success
1,greedy_local,0,,5,36,0,6,34,8,5,attempted_reverse_or_nonexistent_committed_edge
1,relaxed_agenda,0,,5,306,0,6,34,8,5,attempted_reverse_or_nonexistent_committed_edge
1,exact_lifted_astar,1,31,,1391,0,6,34,8,5,success
1,scp_cut_obligations,1,31,,73,8,6,34,8,5,success
2,greedy_local,0,,5,55,0,7,33,10,6,attempted_reverse_or_nonexistent_committed_edge
2,relaxed_agenda,0,,5,363,0,7,33,10,6,attempted_reverse_or_nonexistent_committed_edge
2,exact_lifted_astar,1,32,,215,0,7,33,10,6,success
2,scp_cut_obligations,1,32,,60,4,7,33,10,6,success
3,greedy_local,0,,1,21,0,5,29,6,4,attempted_reverse_or_nonexistent_committed_edge
3,relaxed_agenda,0,,4,203,0,5,29,6,4,attempted_reverse_or_nonexistent_committed_edge
3,exact_lifted_astar,1,26,,64,0,5,29,6,4,success
3,scp_cut_obligations,1,26,,39,1,5,29,6,4,success
4,greedy_local,0,,4,21,0,6,30,6,5,attempted_reverse_or_nonexistent_committed_edge
4,relaxed_agenda,0,,4,210,0,6,30,6,5,attempted_reverse_or_nonexistent_committed_edge
4,exact_lifted_astar,1,25,,95,0,6,30,6,5,success
4,scp_cut_obligations,1,25,,45,3,6,30,6,5,success
5,greedy_local,0,,6,91,0,7,43,13,6,attempted_reverse_or_nonexistent_committed_edge
5,relaxed_agenda,0,,6,602,0,7,43,13,6,attempted_reverse_or_nonexistent_committed_edge
5,exact_lifted_astar,1,40,,719,0,7,43,13,6,success
5,scp_cut_obligations,1,40,,91,5,7,43,13,6,success
6,greedy_local,0,,6,36,0,7,37,8,6,attempted_reverse_or_nonexistent_committed_edge
6,relaxed_agenda,0,,6,333,0,7,37,8,6,attempted_reverse_or_nonexistent_committed_edge
6,exact_lifted_astar,1,34,,246,0,7,37,8,6,success
6,scp_cut_obligations,1,34,,60,4,7,37,8,6,success
7,greedy_local,1,23,4,21,0,5,24,6,4,success
7,relaxed_agenda,0,,3,168,0,5,24,6,4,attempted_reverse_or_nonexistent_committed_edge
7,exact_lifted_astar,1,23,,209,0,5,24,6,4,success
7,scp_cut_obligations,1,23,,42,5,5,24,6,4,success
8,greedy_local,1,16,3,21,0,4,18,6,3,success
8,relaxed_agenda,0,,3,126,0,4,18,6,3,attempted_reverse_or_nonexistent_committed_edge
8,exact_lifted_astar,1,16,,48,0,4,18,6,3,success
8,scp_cut_obligations,1,16,,29,2,4,18,6,3,success
9,greedy_local,0,,7,78,0,8,39,12,7,attempted_reverse_or_nonexistent_committed_edge
9,relaxed_agenda,0,,7,507,0,8,39,12,7,attempted_reverse_or_nonexistent_committed_edge
9,exact_lifted_astar,1,33,,354,0,8,39,12,7,success
9,scp_cut_obligations,1,33,,68,4,8,39,12,7,success
10,greedy_local,0,,6,66,0,8,43,11,7,attempted_reverse_or_nonexistent_committed_edge
10,relaxed_agenda,0,,6,516,0,8,43,11,7,attempted_reverse_or_nonexistent_committed_edge
10,exact_lifted_astar,1,34,,10700,0,8,43,11,7,success
10,scp_cut_obligations,1,34,,102,14,8,43,11,7,success
11,greedy_local,1,19,3,21,0,4,22,6,3,success
11,relaxed_agenda,0,,3,154,0,4,22,6,3,attempted_reverse_or_nonexistent_committed_edge
11,exact_lifted_astar,1,18,,144,0,4,22,6,3,success
11,scp_cut_obligations,1,18,,48,4,4,22,6,3,success
12,greedy_local,0,,3,21,0,5,26,6,4,attempted_reverse_or_nonexistent_committed_edge
12,relaxed_agenda,0,,3,182,0,5,26,6,4,attempted_reverse_or_nonexistent_committed_edge
12,exact_lifted_astar,1,21,,155,0,5,26,6,4,success
12,scp_cut_obligations,1,21,,45,4,5,26,6,4,success
13,greedy_local,0,,6,45,0,7,41,9,6,attempted_reverse_or_nonexistent_committed_edge
13,relaxed_agenda,0,,6,410,0,7,41,9,6,attempted_reverse_or_nonexistent_committed_edge
13,exact_lifted_astar,1,35,,1123,0,7,41,9,6,success
13,scp_cut_obligations,1,35,,81,7,7,41,9,6,success
14,greedy_local,1,33,6,66,0,7,37,11,6,success
14,relaxed_agenda,0,,6,444,0,7,37,11,6,attempted_reverse_or_nonexistent_committed_edge
14,exact_lifted_astar,1,33,,1015,0,7,37,11,6,success
14,scp_cut_obligations,1,33,,72,8,7,37,11,6,success
15,greedy_local,1,26,4,15,0,5,30,5,4,success
15,relaxed_agenda,0,,4,180,0,5,30,5,4,attempted_reverse_or_nonexistent_committed_edge
15,exact_lifted_astar,1,26,,39,0,5,30,5,4,success
15,scp_cut_obligations,1,26,,39,0,5,30,5,4,success
16,greedy_local,0,,6,55,0,8,45,10,7,attempted_reverse_or_nonexistent_committed_edge
16,relaxed_agenda,0,,6,495,0,8,45,10,7,attempted_reverse_or_nonexistent_committed_edge
16,exact_lifted_astar,1,39,,666,0,8,45,10,7,success
16,scp_cut_obligations,1,39,,80,7,8,45,10,7,success
17,greedy_local,0,,4,36,0,6,32,8,5,attempted_reverse_or_nonexistent_committed_edge
17,relaxed_agenda,0,,4,288,0,6,32,8,5,attempted_reverse_or_nonexistent_committed_edge
17,exact_lifted_astar,1,28,,178,0,6,32,8,5,success
17,scp_cut_obligations,1,28,,58,4,6,32,8,5,success
18,greedy_local,1,35,6,36,0,7,39,8,6,success
18,relaxed_agenda,0,,5,351,0,7,39,8,6,attempted_reverse_or_nonexistent_committed_edge
18,exact_lifted_astar,1,35,,559,0,7,39,8,6,success
18,scp_cut_obligations,1,35,,69,5,7,39,8,6,success
19,greedy_local,0,,3,10,0,4,22,4,3,attempted_reverse_or_nonexistent_committed_edge
19,relaxed_agenda,0,,3,110,0,4,22,4,3,attempted_reverse_or_nonexistent_committed_edge
19,exact_lifted_astar,1,20,,78,0,4,22,4,3,success
19,scp_cut_obligations,1,20,,34,2,4,22,4,3,success
20,greedy_local,0,,5,55,0,7,34,10,6,attempted_reverse_or_nonexistent_committed_edge
20,relaxed_agenda,0,,5,374,0,7,34,10,6,attempted_reverse_or_nonexistent_committed_edge
20,exact_lifted_astar,1,31,,1242,0,7,34,10,6,success
20,scp_cut_obligations,1,31,,76,8,7,34,10,6,success
21,greedy_local,0,,3,21,0,4,22,6,3,attempted_reverse_or_nonexistent_committed_edge
21,relaxed_agenda,0,,3,154,0,4,22,6,3,attempted_reverse_or_nonexistent_committed_edge
21,exact_lifted_astar,1,17,,155,0,4,22,6,3,success
21,scp_cut_obligations,1,17,,53,4,4,22,6,3,success
22,greedy_local,1,39,7,78,0,8,45,12,7,success
22,relaxed_agenda,0,,7,585,0,8,45,12,7,attempted_reverse_or_nonexistent_committed_edge
22,exact_lifted_astar,1,39,,7480,0,8,45,12,7,success
22,scp_cut_obligations,1,39,,104,12,8,45,12,7,success
23,greedy_local,0,,5,36,0,6,30,8,5,attempted_reverse_or_nonexistent_committed_edge
23,relaxed_agenda,0,,5,270,0,6,30,8,5,attempted_reverse_or_nonexistent_committed_edge
23,exact_lifted_astar,1,28,,209,0,6,30,8,5,success
23,scp_cut_obligations,1,28,,49,3,6,30,8,5,success
24,greedy_local,1,22,4,21,0,5,26,6,4,success
24,relaxed_agenda,0,,3,182,0,5,26,6,4,attempted_reverse_or_nonexistent_committed_edge
24,exact_lifted_astar,1,22,,71,0,5,26,6,4,success
24,scp_cut_obligations,1,22,,44,3,5,26,6,4,success
25,greedy_local,0,,4,28,0,5,28,7,4,attempted_reverse_or_nonexistent_committed_edge
25,relaxed_agenda,0,,4,224,0,5,28,7,4,attempted_reverse_or_nonexistent_committed_edge
25,exact_lifted_astar,1,25,,212,0,5,28,7,4,success
25,scp_cut_obligations,1,25,,48,4,5,28,7,4,success
26,greedy_local,1,20,3,45,0,4,21,9,3,success
26,relaxed_agenda,0,,3,210,0,4,21,9,3,attempted_reverse_or_nonexistent_committed_edge
26,exact_lifted_astar,1,20,,187,0,4,21,9,3,success
26,scp_cut_obligations,1,20,,52,6,4,21,9,3,success
27,greedy_local,1,23,4,15,0,5,25,5,4,success
27,relaxed_agenda,0,,3,150,0,5,25,5,4,attempted_reverse_or_nonexistent_committed_edge
27,exact_lifted_astar,1,23,,38,0,5,25,5,4,success
27,scp_cut_obligations,1,23,,33,1,5,25,5,4,success
28,greedy_local,0,,6,45,0,7,39,9,6,attempted_reverse_or_nonexistent_committed_edge
28,relaxed_agenda,0,,6,390,0,7,39,9,6,attempted_reverse_or_nonexistent_committed_edge
28,exact_lifted_astar,1,37,,592,0,7,39,9,6,success
28,scp_cut_obligations,1,37,,73,6,7,39,9,6,success
29,greedy_local,0,,6,91,0,7,42,13,6,attempted_reverse_or_nonexistent_committed_edge
29,relaxed_agenda,0,,6,588,0,7,42,13,6,attempted_reverse_or_nonexistent_committed_edge
29,exact_lifted_astar,1,41,,9498,0,7,42,13,6,success
29,scp_cut_obligations,1,41,,106,11,7,42,13,6,success
30,greedy_local,0,,3,28,0,4,19,7,3,attempted_reverse_or_nonexistent_committed_edge
30,relaxed_agenda,0,,3,152,0,4,19,7,3,attempted_reverse_or_nonexistent_committed_edge
30,exact_lifted_astar,1,18,,87,0,4,19,7,3,success
30,scp_cut_obligations,1,18,,33,3,4,19,7,3,success
31,greedy_local,0,,3,28,0,5,27,7,4,attempted_reverse_or_nonexistent_committed_edge
31,relaxed_agenda,0,,3,216,0,5,27,7,4,attempted_reverse_or_nonexistent_committed_edge
31,exact_lifted_astar,1,25,,252,0,5,27,7,4,success
31,scp_cut_obligations,1,25,,54,6,5,27,7,4,success
32,greedy_local,1,31,5,36,0,6,36,8,5,success
32,relaxed_agenda,0,,5,324,0,6,36,8,5,attempted_reverse_or_nonexistent_committed_edge
32,exact_lifted_astar,1,31,,153,0,6,36,8,5,success
32,scp_cut_obligations,1,31,,59,3,6,36,8,5,success
33,greedy_local,1,39,7,66,0,8,42,11,7,success
33,relaxed_agenda,0,,7,504,0,8,42,11,7,attempted_reverse_or_nonexistent_committed_edge
33,exact_lifted_astar,1,39,,329,0,8,42,11,7,success
33,scp_cut_obligations,1,39,,76,5,8,42,11,7,success
34,greedy_local,1,21,4,36,0,5,28,8,4,success
34,relaxed_agenda,0,,4,252,0,5,28,8,4,attempted_reverse_or_nonexistent_committed_edge
34,exact_lifted_astar,1,21,,316,0,5,28,8,4,success
34,scp_cut_obligations,1,21,,68,6,5,28,8,4,success
35,greedy_local,1,29,4,21,0,5,31,6,4,success
35,relaxed_agenda,0,,4,217,0,5,31,6,4,attempted_reverse_or_nonexistent_committed_edge
35,exact_lifted_astar,1,29,,105,0,5,31,6,4,success
35,scp_cut_obligations,1,29,,44,2,5,31,6,4,success
36,greedy_local,1,23,4,28,0,5,25,7,4,success
36,relaxed_agenda,0,,4,200,0,5,25,7,4,attempted_reverse_or_nonexistent_committed_edge
36,exact_lifted_astar,1,23,,94,0,5,25,7,4,success
36,scp_cut_obligations,1,23,,39,3,5,25,7,4,success
37,greedy_local,0,,6,55,0,7,37,10,6,attempted_reverse_or_nonexistent_committed_edge
37,relaxed_agenda,0,,6,407,0,7,37,10,6,attempted_reverse_or_nonexistent_committed_edge
37,exact_lifted_astar,1,33,,667,0,7,37,10,6,success
37,scp_cut_obligations,1,33,,68,5,7,37,10,6,success
38,greedy_local,1,23,3,10,0,4,25,4,3,success
38,relaxed_agenda,0,,2,125,0,4,25,4,3,attempted_reverse_or_nonexistent_committed_edge
38,exact_lifted_astar,1,23,,72,0,4,25,4,3,success
38,scp_cut_obligations,1,23,,41,4,4,25,4,3,success
39,greedy_local,0,,2,21,0,4,23,6,3,attempted_reverse_or_nonexistent_committed_edge
39,relaxed_agenda,0,,2,161,0,4,23,6,3,attempted_reverse_or_nonexistent_committed_edge
39,exact_lifted_astar,1,22,,548,0,4,23,6,3,success
39,scp_cut_obligations,1,22,,64,8,4,23,6,3,success
40,greedy_local,1,20,3,21,0,4,23,6,3,success
40,relaxed_agenda,0,,3,161,0,4,23,6,3,attempted_reverse_or_nonexistent_committed_edge
40,exact_lifted_astar,1,20,,49,0,4,23,6,3,success
40,scp_cut_obligations,1,20,,35,1,4,23,6,3,success
41,greedy_local,0,,4,28,0,6,33,7,5,attempted_reverse_or_nonexistent_committed_edge
41,relaxed_agenda,0,,4,264,0,6,33,7,5,attempted_reverse_or_nonexistent_committed_edge
41,exact_lifted_astar,1,28,,752,0,6,33,7,5,success
41,scp_cut_obligations,1,28,,70,7,6,33,7,5,success
42,greedy_local,0,,6,91,0,8,44,13,7,attempted_reverse_or_nonexistent_committed_edge
42,relaxed_agenda,0,,6,616,0,8,44,13,7,attempted_reverse_or_nonexistent_committed_edge
42,exact_lifted_astar,1,40,,1255,0,8,44,13,7,success
42,scp_cut_obligations,1,40,,93,10,8,44,13,7,success
43,greedy_local,0,,3,15,0,4,23,5,3,attempted_reverse_or_nonexistent_committed_edge
43,relaxed_agenda,0,,3,138,0,4,23,5,3,attempted_reverse_or_nonexistent_committed_edge
43,exact_lifted_astar,1,19,,158,0,4,23,5,3,success
43,scp_cut_obligations,1,19,,48,4,4,23,5,3,success
44,greedy_local,0,,3,15,0,4,22,5,3,attempted_reverse_or_nonexistent_committed_edge
44,relaxed_agenda,0,,3,132,0,4,22,5,3,attempted_reverse_or_nonexistent_committed_edge
44,exact_lifted_astar,1,20,,44,0,4,22,5,3,success
44,scp_cut_obligations,1,20,,31,1,4,22,5,3,success
45,greedy_local,1,19,3,15,0,4,22,5,3,success
45,relaxed_agenda,0,,3,132,0,4,22,5,3,attempted_reverse_or_nonexistent_committed_edge
45,exact_lifted_astar,1,19,,41,0,4,22,5,3,success
45,scp_cut_obligations,1,19,,31,1,4,22,5,3,success
46,greedy_local,1,35,7,45,0,8,41,9,7,success
46,relaxed_agenda,0,,6,410,0,8,41,9,7,attempted_reverse_or_nonexistent_committed_edge
46,exact_lifted_astar,1,35,,651,0,8,41,9,7,success
46,scp_cut_obligations,1,35,,78,6,8,41,9,7,success
47,greedy_local,1,16,3,15,0,4,19,5,3,success
47,relaxed_agenda,0,,3,114,0,4,19,5,3,attempted_reverse_or_nonexistent_committed_edge
47,exact_lifted_astar,1,16,,42,0,4,19,5,3,success
47,scp_cut_obligations,1,16,,25,1,4,19,5,3,success
48,greedy_local,0,,5,28,0,6,35,7,5,attempted_reverse_or_nonexistent_committed_edge
48,relaxed_agenda,0,,5,280,0,6,35,7,5,attempted_reverse_or_nonexistent_committed_edge
48,exact_lifted_astar,1,31,,156,0,6,35,7,5,success
48,scp_cut_obligations,1,31,,54,3,6,35,7,5,success
49,greedy_local,1,32,5,36,0,6,37,8,5,success
49,relaxed_agenda,0,,5,333,0,6,37,8,5,attempted_reverse_or_nonexistent_committed_edge
49,exact_lifted_astar,1,32,,274,0,6,37,8,5,success
49,scp_cut_obligations,1,32,,68,5,6,37,8,5,success
50,greedy_local,0,,7,78,0,8,41,12,7,attempted_reverse_or_nonexistent_committed_edge
50,relaxed_agenda,0,,7,533,0,8,41,12,7,attempted_reverse_or_nonexistent_committed_edge
50,exact_lifted_astar,1,38,,585,0,8,41,12,7,success
50,scp_cut_obligations,1,38,,73,4,8,41,12,7,success
51,greedy_local,0,,7,55,0,8,46,10,7,attempted_reverse_or_nonexistent_committed_edge
51,relaxed_agenda,0,,7,506,0,8,46,10,7,attempted_reverse_or_nonexistent_committed_edge
51,exact_lifted_astar,1,38,,2348,0,8,46,10,7,success
51,scp_cut_obligations,1,38,,79,8,8,46,10,7,success
52,greedy_local,1,24,4,15,0,5,30,5,4,success
52,relaxed_agenda,0,,3,180,0,5,30,5,4,attempted_reverse_or_nonexistent_committed_edge
52,exact_lifted_astar,1,24,,37,0,5,30,5,4,success
52,scp_cut_obligations,1,24,,37,0,5,30,5,4,success
53,greedy_local,0,,6,78,0,7,33,12,6,attempted_reverse_or_nonexistent_committed_edge
53,relaxed_agenda,0,,6,429,0,7,33,12,6,attempted_reverse_or_nonexistent_committed_edge
53,exact_lifted_astar,1,32,,135,0,7,33,12,6,success
53,scp_cut_obligations,1,32,,60,4,7,33,12,6,success
54,greedy_local,1,14,3,10,0,4,17,4,3,success
54,relaxed_agenda,0,,3,85,0,4,17,4,3,attempted_reverse_or_nonexistent_committed_edge
54,exact_lifted_astar,1,14,,21,0,4,17,4,3,success
54,scp_cut_obligations,1,14,,21,0,4,17,4,3,success
55,greedy_local,1,39,7,45,0,8,46,9,7,success
55,relaxed_agenda,0,,6,460,0,8,46,9,7,attempted_reverse_or_nonexistent_committed_edge
55,exact_lifted_astar,1,39,,466,0,8,46,9,7,success
55,scp_cut_obligations,1,39,,72,6,8,46,9,7,success
56,greedy_local,0,,5,36,0,7,40,8,6,attempted_reverse_or_nonexistent_committed_edge
56,relaxed_agenda,0,,5,360,0,7,40,8,6,attempted_reverse_or_nonexistent_committed_edge
56,exact_lifted_astar,1,33,,547,0,7,40,8,6,success
56,scp_cut_obligations,1,33,,70,6,7,40,8,6,success
57,greedy_local,0,,4,36,0,6,32,8,5,attempted_reverse_or_nonexistent_committed_edge
57,relaxed_agenda,0,,4,288,0,6,32,8,5,attempted_reverse_or_nonexistent_committed_edge
57,exact_lifted_astar,1,25,,571,0,6,32,8,5,success
57,scp_cut_obligations,1,25,,79,9,6,32,8,5,success
58,greedy_local,0,,7,78,0,8,44,12,7,attempted_reverse_or_nonexistent_committed_edge
58,relaxed_agenda,0,,7,572,0,8,44,12,7,attempted_reverse_or_nonexistent_committed_edge
58,exact_lifted_astar,1,36,,1591,0,8,44,12,7,success
58,scp_cut_obligations,1,36,,93,10,8,44,12,7,success
59,greedy_local,1,38,7,78,0,8,46,12,7,success
59,relaxed_agenda,0,,7,598,0,8,46,12,7,attempted_reverse_or_nonexistent_committed_edge
59,exact_lifted_astar,1,38,,219,0,8,46,12,7,success
59,scp_cut_obligations,1,38,,79,2,8,46,12,7,success
60,greedy_local,1,22,3,21,0,4,25,6,3,success
60,relaxed_agenda,0,,3,175,0,4,25,6,3,attempted_reverse_or_nonexistent_committed_edge
60,exact_lifted_astar,1,22,,87,0,4,25,6,3,success
60,scp_cut_obligations,1,22,,51,3,4,25,6,3,success
61,greedy_local,0,,6,55,0,8,49,10,7,attempted_reverse_or_nonexistent_committed_edge
61,relaxed_agenda,0,,6,539,0,8,49,10,7,attempted_reverse_or_nonexistent_committed_edge
61,exact_lifted_astar,1,40,,807,0,8,49,10,7,success
61,scp_cut_obligations,1,40,,88,7,8,49,10,7,success
62,greedy_local,0,,6,45,0,7,38,9,6,attempted_reverse_or_nonexistent_committed_edge
62,relaxed_agenda,0,,6,380,0,7,38,9,6,attempted_reverse_or_nonexistent_committed_edge
62,exact_lifted_astar,1,31,,489,0,7,38,9,6,success
62,scp_cut_obligations,1,31,,68,5,7,38,9,6,success
63,greedy_local,0,,6,66,0,7,39,11,6,attempted_reverse_or_nonexistent_committed_edge
63,relaxed_agenda,0,,6,468,0,7,39,11,6,attempted_reverse_or_nonexistent_committed_edge
63,exact_lifted_astar,1,33,,1878,0,7,39,11,6,success
63,scp_cut_obligations,1,33,,78,7,7,39,11,6,success
64,greedy_local,1,20,3,21,0,4,25,6,3,success
64,relaxed_agenda,0,,3,175,0,4,25,6,3,attempted_reverse_or_nonexistent_committed_edge
64,exact_lifted_astar,1,19,,57,0,4,25,6,3,success
64,scp_cut_obligations,1,19,,46,3,4,25,6,3,success
65,greedy_local,0,,2,10,0,4,25,4,3,attempted_reverse_or_nonexistent_committed_edge
65,relaxed_agenda,0,,2,125,0,4,25,4,3,attempted_reverse_or_nonexistent_committed_edge
65,exact_lifted_astar,1,18,,59,0,4,25,4,3,success
65,scp_cut_obligations,1,18,,33,2,4,25,4,3,success
66,greedy_local,1,25,4,10,0,5,27,4,4,success
66,relaxed_agenda,0,,3,135,0,5,27,4,4,attempted_reverse_or_nonexistent_committed_edge
66,exact_lifted_astar,1,25,,81,0,5,27,4,4,success
66,scp_cut_obligations,1,25,,36,2,5,27,4,4,success
67,greedy_local,0,,3,21,0,4,24,6,3,attempted_reverse_or_nonexistent_committed_edge
67,relaxed_agenda,0,,3,168,0,4,24,6,3,attempted_reverse_or_nonexistent_committed_edge
67,exact_lifted_astar,1,17,,88,0,4,24,6,3,success
67,scp_cut_obligations,1,17,,37,2,4,24,6,3,success
68,greedy_local,1,18,4,15,0,5,26,5,4,success
68,relaxed_agenda,0,,3,156,0,5,26,5,4,attempted_reverse_or_nonexistent_committed_edge
68,exact_lifted_astar,1,18,,121,0,5,26,5,4,success
68,scp_cut_obligations,1,18,,39,4,5,26,5,4,success
69,greedy_local,0,,4,28,0,6,31,7,5,attempted_reverse_or_nonexistent_committed_edge
69,relaxed_agenda,0,,4,248,0,6,31,7,5,attempted_reverse_or_nonexistent_committed_edge
69,exact_lifted_astar,1,28,,247,0,6,31,7,5,success
69,scp_cut_obligations,1,28,,54,5,6,31,7,5,success
70,greedy_local,0,,6,55,0,8,44,10,7,attempted_reverse_or_nonexistent_committed_edge
70,relaxed_agenda,0,,6,484,0,8,44,10,7,attempted_reverse_or_nonexistent_committed_edge
70,exact_lifted_astar,1,35,,468,0,8,44,10,7,success
70,scp_cut_obligations,1,35,,80,7,8,44,10,7,success
71,greedy_local,1,37,7,91,0,8,40,13,7,success
71,relaxed_agenda,0,,7,560,0,8,40,13,7,attempted_reverse_or_nonexistent_committed_edge
71,exact_lifted_astar,1,37,,803,0,8,40,13,7,success
71,scp_cut_obligations,1,37,,85,7,8,40,13,7,success
72,greedy_local,0,,5,45,0,6,31,9,5,attempted_reverse_or_nonexistent_committed_edge
72,relaxed_agenda,0,,5,310,0,6,31,9,5,attempted_reverse_or_nonexistent_committed_edge
72,exact_lifted_astar,1,29,,411,0,6,31,9,5,success
72,scp_cut_obligations,1,29,,58,6,6,31,9,5,success
73,greedy_local,1,32,5,28,0,6,40,7,5,success
73,relaxed_agenda,0,,4,320,0,6,40,7,5,attempted_reverse_or_nonexistent_committed_edge
73,exact_lifted_astar,1,32,,457,0,6,40,7,5,success
73,scp_cut_obligations,1,32,,82,6,6,40,7,5,success
74,greedy_local,0,,5,45,0,6,36,9,5,attempted_reverse_or_nonexistent_committed_edge
74,relaxed_agenda,0,,5,360,0,6,36,9,5,attempted_reverse_or_nonexistent_committed_edge
74,exact_lifted_astar,1,34,,383,0,6,36,9,5,success
74,scp_cut_obligations,1,34,,63,4,6,36,9,5,success
75,greedy_local,0,,6,55,0,7,34,10,6,attempted_reverse_or_nonexistent_committed_edge
75,relaxed_agenda,0,,6,374,0,7,34,10,6,attempted_reverse_or_nonexistent_committed_edge
75,exact_lifted_astar,1,32,,437,0,7,34,10,6,success
75,scp_cut_obligations,1,32,,69,5,7,34,10,6,success
76,greedy_local,1,20,4,15,0,5,29,5,4,success
76,relaxed_agenda,0,,3,174,0,5,29,5,4,attempted_reverse_or_nonexistent_committed_edge
76,exact_lifted_astar,1,20,,57,0,5,29,5,4,success
76,scp_cut_obligations,1,20,,39,2,5,29,5,4,success
77,greedy_local,1,21,3,10,0,4,26,4,3,success
77,relaxed_agenda,0,,2,130,0,4,26,4,3,attempted_reverse_or_nonexistent_committed_edge
77,exact_lifted_astar,1,21,,71,0,4,26,4,3,success
77,scp_cut_obligations,1,21,,36,2,4,26,4,3,success
78,greedy_local,0,,3,15,0,4,20,5,3,attempted_reverse_or_nonexistent_committed_edge
78,relaxed_agenda,0,,3,120,0,4,20,5,3,attempted_reverse_or_nonexistent_committed_edge
78,exact_lifted_astar,1,17,,79,0,4,20,5,3,success
78,scp_cut_obligations,1,17,,31,2,4,20,5,3,success
79,greedy_local,1,20,4,15,0,5,25,5,4,success
79,relaxed_agenda,0,,3,150,0,5,25,5,4,attempted_reverse_or_nonexistent_committed_edge
79,exact_lifted_astar,1,20,,93,0,5,25,5,4,success
79,scp_cut_obligations,1,20,,39,3,5,25,5,4,success
80,greedy_local,1,22,4,21,0,5,27,6,4,success
80,relaxed_agenda,0,,3,189,0,5,27,6,4,attempted_reverse_or_nonexistent_committed_edge
80,exact_lifted_astar,1,22,,33,0,5,27,6,4,success
80,scp_cut_obligations,1,22,,31,1,5,27,6,4,success
81,greedy_local,0,,3,28,0,4,24,7,3,attempted_reverse_or_nonexistent_committed_edge
81,relaxed_agenda,0,,3,192,0,4,24,7,3,attempted_reverse_or_nonexistent_committed_edge
81,exact_lifted_astar,1,23,,123,0,4,24,7,3,success
81,scp_cut_obligations,1,23,,45,2,4,24,7,3,success
82,greedy_local,0,,3,15,0,4,21,5,3,attempted_reverse_or_nonexistent_committed_edge
82,relaxed_agenda,0,,3,126,0,4,21,5,3,attempted_reverse_or_nonexistent_committed_edge
82,exact_lifted_astar,1,16,,143,0,4,21,5,3,success
82,scp_cut_obligations,1,16,,40,5,4,21,5,3,success
83,greedy_local,1,28,5,36,0,6,32,8,5,success
83,relaxed_agenda,0,,5,288,0,6,32,8,5,attempted_reverse_or_nonexistent_committed_edge
83,exact_lifted_astar,1,28,,214,0,6,32,8,5,success
83,scp_cut_obligations,1,28,,57,4,6,32,8,5,success
84,greedy_local,1,36,7,66,0,8,38,11,7,success
84,relaxed_agenda,0,,6,456,0,8,38,11,7,attempted_reverse_or_nonexistent_committed_edge
84,exact_lifted_astar,1,36,,352,0,8,38,11,7,success
84,scp_cut_obligations,1,36,,74,7,8,38,11,7,success
85,greedy_local,0,,2,10,0,4,25,4,3,attempted_reverse_or_nonexistent_committed_edge
85,relaxed_agenda,0,,2,125,0,4,25,4,3,attempted_reverse_or_nonexistent_committed_edge
85,exact_lifted_astar,1,18,,39,0,4,25,4,3,success
85,scp_cut_obligations,1,18,,33,1,4,25,4,3,success
86,greedy_local,0,,7,66,0,8,50,11,7,attempted_reverse_or_nonexistent_committed_edge
86,relaxed_agenda,0,,7,600,0,8,50,11,7,attempted_reverse_or_nonexistent_committed_edge
86,exact_lifted_astar,1,44,,1171,0,8,50,11,7,success
86,scp_cut_obligations,1,44,,90,6,8,50,11,7,success
87,greedy_local,1,25,4,36,0,5,27,8,4,success
87,relaxed_agenda,0,,4,243,0,5,27,8,4,attempted_reverse_or_nonexistent_committed_edge
87,exact_lifted_astar,1,25,,362,0,5,27,8,4,success
87,scp_cut_obligations,1,25,,53,5,5,27,8,4,success
88,greedy_local,1,25,4,21,0,5,26,6,4,success
88,relaxed_agenda,0,,3,182,0,5,26,6,4,attempted_reverse_or_nonexistent_committed_edge
88,exact_lifted_astar,1,25,,142,0,5,26,6,4,success
88,scp_cut_obligations,1,25,,47,5,5,26,6,4,success
89,greedy_local,1,19,3,45,0,4,21,9,3,success
89,relaxed_agenda,0,,3,210,0,4,21,9,3,attempted_reverse_or_nonexistent_committed_edge
89,exact_lifted_astar,1,19,,77,0,4,21,9,3,success
89,scp_cut_obligations,1,19,,44,2,4,21,9,3,success
90,greedy_local,0,,3,28,0,4,22,7,3,attempted_reverse_or_nonexistent_committed_edge
90,relaxed_agenda,0,,3,176,0,4,22,7,3,attempted_reverse_or_nonexistent_committed_edge
90,exact_lifted_astar,1,20,,369,0,4,22,7,3,success
90,scp_cut_obligations,1,20,,57,7,4,22,7,3,success
91,greedy_local,0,,5,28,0,6,27,7,5,attempted_reverse_or_nonexistent_committed_edge
91,relaxed_agenda,0,,5,216,0,6,27,7,5,attempted_reverse_or_nonexistent_committed_edge
91,exact_lifted_astar,1,22,,128,0,6,27,7,5,success
91,scp_cut_obligations,1,22,,40,3,6,27,7,5,success
92,greedy_local,0,,6,45,0,8,43,9,7,attempted_reverse_or_nonexistent_committed_edge
92,relaxed_agenda,0,,6,430,0,8,43,9,7,attempted_reverse_or_nonexistent_committed_edge
92,exact_lifted_astar,1,40,,384,0,8,43,9,7,success
92,scp_cut_obligations,1,40,,77,6,8,43,9,7,success
93,greedy_local,0,,3,15,0,4,23,5,3,attempted_reverse_or_nonexistent_committed_edge
93,relaxed_agenda,0,,3,138,0,4,23,5,3,attempted_reverse_or_nonexistent_committed_edge
93,exact_lifted_astar,1,21,,125,0,4,23,5,3,success
93,scp_cut_obligations,1,21,,40,3,4,23,5,3,success
94,greedy_local,1,32,5,36,0,6,36,8,5,success
94,relaxed_agenda,0,,5,324,0,6,36,8,5,attempted_reverse_or_nonexistent_committed_edge
94,exact_lifted_astar,1,32,,110,0,6,36,8,5,success
94,scp_cut_obligations,1,32,,53,2,6,36,8,5,success
95,greedy_local,0,,4,21,0,5,29,6,4,attempted_reverse_or_nonexistent_committed_edge
95,relaxed_agenda,0,,4,203,0,5,29,6,4,attempted_reverse_or_nonexistent_committed_edge
95,exact_lifted_astar,1,21,,416,0,5,29,6,4,success
95,scp_cut_obligations,1,21,,56,6,5,29,6,4,success
96,greedy_local,1,23,5,28,0,6,30,7,5,success
96,relaxed_agenda,0,,5,240,0,6,30,7,5,attempted_reverse_or_nonexistent_committed_edge
96,exact_lifted_astar,1,23,,111,0,6,30,7,5,success
96,scp_cut_obligations,1,23,,44,2,6,30,7,5,success
97,greedy_local,0,,3,21,0,5,24,6,4,attempted_reverse_or_nonexistent_committed_edge
97,relaxed_agenda,0,,3,168,0,5,24,6,4,attempted_reverse_or_nonexistent_committed_edge
97,exact_lifted_astar,1,20,,129,0,5,24,6,4,success
97,scp_cut_obligations,1,20,,40,5,5,24,6,4,success
98,greedy_local,0,,6,55,0,7,43,10,6,attempted_reverse_or_nonexistent_committed_edge
98,relaxed_agenda,0,,6,473,0,7,43,10,6,attempted_reverse_or_nonexistent_committed_edge
98,exact_lifted_astar,1,39,,1450,0,7,43,10,6,success
98,scp_cut_obligations,1,39,,88,8,7,43,10,6,success
99,greedy_local,1,31,5,36,0,6,32,8,5,success
99,relaxed_agenda,0,,5,288,0,6,32,8,5,attempted_reverse_or_nonexistent_committed_edge
99,exact_lifted_astar,1,30,,100,0,6,32,8,5,success
99,scp_cut_obligations,1,30,,50,2,6,32,8,5,success
100,greedy_local,0,,6,36,0,7,36,8,6,attempted_reverse_or_nonexistent_committed_edge
100,relaxed_agenda,0,,6,324,0,7,36,8,6,attempted_reverse_or_nonexistent_committed_edge
100,exact_lifted_astar,1,32,,113,0,7,36,8,6,success
100,scp_cut_obligations,1,32,,57,3,7,36,8,6,success
101,greedy_local,0,,6,91,0,8,51,13,7,attempted_reverse_or_nonexistent_committed_edge
101,relaxed_agenda,0,,6,714,0,8,51,13,7,attempted_reverse_or_nonexistent_committed_edge
101,exact_lifted_astar,1,47,,5239,0,8,51,13,7,success
101,scp_cut_obligations,1,47,,118,11,8,51,13,7,success
102,greedy_local,0,,5,55,0,7,39,10,6,attempted_reverse_or_nonexistent_committed_edge
102,relaxed_agenda,0,,5,429,0,7,39,10,6,attempted_reverse_or_nonexistent_committed_edge
102,exact_lifted_astar,1,35,,275,0,7,39,10,6,success
102,scp_cut_obligations,1,35,,66,4,7,39,10,6,success
103,greedy_local,1,35,6,45,0,7,38,9,6,success
103,relaxed_agenda,0,,6,380,0,7,38,9,6,attempted_reverse_or_nonexistent_committed_edge
103,exact_lifted_astar,1,35,,413,0,7,38,9,6,success
103,scp_cut_obligations,1,35,,73,6,7,38,9,6,success
104,greedy_local,1,40,7,55,0,8,45,10,7,success
104,relaxed_agenda,0,,7,495,0,8,45,10,7,attempted_reverse_or_nonexistent_committed_edge
104,exact_lifted_astar,1,40,,1681,0,8,45,10,7,success
104,scp_cut_obligations,1,40,,88,9,8,45,10,7,success
105,greedy_local,0,,2,10,0,4,23,4,3,attempted_reverse_or_nonexistent_committed_edge
105,relaxed_agenda,0,,2,115,0,4,23,4,3,attempted_reverse_or_nonexistent_committed_edge
105,exact_lifted_astar,1,16,,49,0,4,23,4,3,success
105,scp_cut_obligations,1,16,,31,2,4,23,4,3,success
106,greedy_local,0,,3,28,0,4,21,7,3,attempted_reverse_or_nonexistent_committed_edge
106,relaxed_agenda,0,,3,168,0,4,21,7,3,attempted_reverse_or_nonexistent_committed_edge
106,exact_lifted_astar,1,19,,94,0,4,21,7,3,success
106,scp_cut_obligations,1,19,,36,3,4,21,7,3,success
107,greedy_local,0,,5,55,0,6,35,10,5,attempted_reverse_or_nonexistent_committed_edge
107,relaxed_agenda,0,,5,385,0,6,35,10,5,attempted_reverse_or_nonexistent_committed_edge
107,exact_lifted_astar,1,27,,384,0,6,35,10,5,success
107,scp_cut_obligations,1,27,,78,6,6,35,10,5,success
108,greedy_local,0,,5,28,0,6,38,7,5,attempted_reverse_or_nonexistent_committed_edge
108,relaxed_agenda,0,,5,304,0,6,38,7,5,attempted_reverse_or_nonexistent_committed_edge
108,exact_lifted_astar,1,32,,250,0,6,38,7,5,success
108,scp_cut_obligations,1,32,,64,4,6,38,7,5,success
109,greedy_local,0,,6,55,0,7,38,10,6,attempted_reverse_or_nonexistent_committed_edge
109,relaxed_agenda,0,,6,418,0,7,38,10,6,attempted_reverse_or_nonexistent_committed_edge
109,exact_lifted_astar,1,34,,257,0,7,38,10,6,success
109,scp_cut_obligations,1,34,,73,5,7,38,10,6,success
110,greedy_local,0,,5,36,0,6,32,8,5,attempted_reverse_or_nonexistent_committed_edge
110,relaxed_agenda,0,,5,288,0,6,32,8,5,attempted_reverse_or_nonexistent_committed_edge
110,exact_lifted_astar,1,28,,1181,0,6,32,8,5,success
110,scp_cut_obligations,1,28,,65,8,6,32,8,5,success
111,greedy_local,1,25,4,36,0,5,28,8,4,success
111,relaxed_agenda,0,,4,252,0,5,28,8,4,attempted_reverse_or_nonexistent_committed_edge
111,exact_lifted_astar,1,25,,43,0,5,28,8,4,success
111,scp_cut_obligations,1,25,,43,0,5,28,8,4,success
112,greedy_local,1,27,5,28,0,6,31,7,5,success
112,relaxed_agenda,0,,5,248,0,6,31,7,5,attempted_reverse_or_nonexistent_committed_edge
112,exact_lifted_astar,1,27,,244,0,6,31,7,5,success
112,scp_cut_obligations,1,27,,52,4,6,31,7,5,success
113,greedy_local,1,37,6,45,0,7,39,9,6,success
113,relaxed_agenda,0,,5,390,0,7,39,9,6,attempted_reverse_or_nonexistent_committed_edge
113,exact_lifted_astar,1,37,,814,0,7,39,9,6,success
113,scp_cut_obligations,1,37,,74,7,7,39,9,6,success
114,greedy_local,1,17,3,10,0,4,19,4,3,success
114,relaxed_agenda,0,,3,95,0,4,19,4,3,attempted_reverse_or_nonexistent_committed_edge
114,exact_lifted_astar,1,17,,100,0,4,19,4,3,success
114,scp_cut_obligations,1,17,,30,3,4,19,4,3,success
115,greedy_local,0,,7,105,0,8,47,14,7,attempted_reverse_or_nonexistent_committed_edge
115,relaxed_agenda,0,,7,705,0,8,47,14,7,attempted_reverse_or_nonexistent_committed_edge
115,exact_lifted_astar,1,42,,11537,0,8,47,14,7,success
115,scp_cut_obligations,1,42,,110,12,8,47,14,7,success
116,greedy_local,0,,6,55,0,7,45,10,6,attempted_reverse_or_nonexistent_committed_edge
116,relaxed_agenda,0,,6,495,0,7,45,10,6,attempted_reverse_or_nonexistent_committed_edge
116,exact_lifted_astar,1,36,,1351,0,7,45,10,6,success
116,scp_cut_obligations,1,36,,90,8,7,45,10,6,success
117,greedy_local,0,,5,28,0,7,40,7,6,attempted_reverse_or_nonexistent_committed_edge
117,relaxed_agenda,0,,5,320,0,7,40,7,6,attempted_reverse_or_nonexistent_committed_edge
117,exact_lifted_astar,1,34,,241,0,7,40,7,6,success
117,scp_cut_obligations,1,34,,57,3,7,40,7,6,success
118,greedy_local,1,37,7,66,0,8,47,11,7,success
118,relaxed_agenda,0,,6,564,0,8,47,11,7,attempted_reverse_or_nonexistent_committed_edge
118,exact_lifted_astar,1,36,,281,0,8,47,11,7,success
118,scp_cut_obligations,1,36,,83,4,8,47,11,7,success
119,greedy_local,0,,4,55,0,6,32,10,5,attempted_reverse_or_nonexistent_committed_edge
119,relaxed_agenda,0,,4,352,0,6,32,10,5,attempted_reverse_or_nonexistent_committed_edge
119,exact_lifted_astar,1,30,,1231,0,6,32,10,5,success
119,scp_cut_obligations,1,30,,78,10,6,32,10,5,success
120,greedy_local,1,19,3,10,0,4,20,4,3,success
120,relaxed_agenda,0,,3,100,0,4,20,4,3,attempted_reverse_or_nonexistent_committed_edge
120,exact_lifted_astar,1,19,,96,0,4,20,4,3,success
120,scp_cut_obligations,1,19,,32,3,4,20,4,3,success
121,greedy_local,0,,7,91,0,8,38,13,7,attempted_reverse_or_nonexistent_committed_edge
121,relaxed_agenda,0,,7,532,0,8,38,13,7,attempted_reverse_or_nonexistent_committed_edge
121,exact_lifted_astar,1,36,,834,0,8,38,13,7,success
121,scp_cut_obligations,1,36,,81,7,8,38,13,7,success
122,greedy_local,0,,7,55,0,8,38,10,7,attempted_reverse_or_nonexistent_committed_edge
122,relaxed_agenda,0,,7,418,0,8,38,10,7,attempted_reverse_or_nonexistent_committed_edge
122,exact_lifted_astar,1,32,,295,0,8,38,10,7,success
122,scp_cut_obligations,1,32,,64,6,8,38,10,7,success
123,greedy_local,1,25,4,15,0,5,27,5,4,success
123,relaxed_agenda,0,,3,162,0,5,27,5,4,attempted_reverse_or_nonexistent_committed_edge
123,exact_lifted_astar,1,24,,67,0,5,27,5,4,success
123,scp_cut_obligations,1,24,,42,2,5,27,5,4,success
124,greedy_local,0,,5,28,0,7,38,7,6,attempted_reverse_or_nonexistent_committed_edge
124,relaxed_agenda,0,,5,304,0,7,38,7,6,attempted_reverse_or_nonexistent_committed_edge
124,exact_lifted_astar,1,34,,161,0,7,38,7,6,success
124,scp_cut_obligations,1,34,,56,3,7,38,7,6,success
125,greedy_local,0,,6,78,0,8,50,12,7,attempted_reverse_or_nonexistent_committed_edge
125,relaxed_agenda,0,,6,650,0,8,50,12,7,attempted_reverse_or_nonexistent_committed_edge
125,exact_lifted_astar,1,43,,2529,0,8,50,12,7,success
125,scp_cut_obligations,1,43,,115,11,8,50,12,7,success
126,greedy_local,0,,3,28,0,4,21,7,3,attempted_reverse_or_nonexistent_committed_edge
126,relaxed_agenda,0,,3,168,0,4,21,7,3,attempted_reverse_or_nonexistent_committed_edge
126,exact_lifted_astar,1,16,,324,0,4,21,7,3,success
126,scp_cut_obligations,1,16,,53,7,4,21,7,3,success
127,greedy_local,0,,6,45,0,8,46,9,7,attempted_reverse_or_nonexistent_committed_edge
127,relaxed_agenda,0,,6,460,0,8,46,9,7,attempted_reverse_or_nonexistent_committed_edge
127,exact_lifted_astar,1,44,,1417,0,8,46,9,7,success
127,scp_cut_obligations,1,44,,86,8,8,46,9,7,success
128,greedy_local,0,,6,66,0,7,32,11,6,attempted_reverse_or_nonexistent_committed_edge
128,relaxed_agenda,0,,6,384,0,7,32,11,6,attempted_reverse_or_nonexistent_committed_edge
128,exact_lifted_astar,1,29,,1458,0,7,32,11,6,success
128,scp_cut_obligations,1,29,,69,9,7,32,11,6,success
129,greedy_local,0,,3,21,0,5,29,6,4,attempted_reverse_or_nonexistent_committed_edge
129,relaxed_agenda,0,,3,203,0,5,29,6,4,attempted_reverse_or_nonexistent_committed_edge
129,exact_lifted_astar,1,27,,53,0,5,29,6,4,success
129,scp_cut_obligations,1,27,,43,1,5,29,6,4,success
130,greedy_local,1,27,5,36,0,6,33,8,5,success
130,relaxed_agenda,0,,5,297,0,6,33,8,5,attempted_reverse_or_nonexistent_committed_edge
130,exact_lifted_astar,1,27,,244,0,6,33,8,5,success
130,scp_cut_obligations,1,27,,61,3,6,33,8,5,success
131,greedy_local,1,31,6,55,0,7,37,10,6,success
131,relaxed_agenda,0,,6,407,0,7,37,10,6,attempted_reverse_or_nonexistent_committed_edge
131,exact_lifted_astar,1,30,,528,0,7,37,10,6,success
131,scp_cut_obligations,1,30,,68,5,7,37,10,6,success
132,greedy_local,0,,6,55,0,8,37,10,7,attempted_reverse_or_nonexistent_committed_edge
132,relaxed_agenda,0,,6,407,0,8,37,10,7,attempted_reverse_or_nonexistent_committed_edge
132,exact_lifted_astar,1,35,,1012,0,8,37,10,7,success
132,scp_cut_obligations,1,35,,73,7,8,37,10,7,success
133,greedy_local,1,36,6,66,0,7,42,11,6,success
133,relaxed_agenda,0,,6,504,0,7,42,11,6,attempted_reverse_or_nonexistent_committed_edge
133,exact_lifted_astar,1,36,,444,0,7,42,11,6,success
133,scp_cut_obligations,1,36,,74,4,7,42,11,6,success
134,greedy_local,1,42,7,105,0,8,45,14,7,success
134,relaxed_agenda,0,,7,675,0,8,45,14,7,attempted_reverse_or_nonexistent_committed_edge
134,exact_lifted_astar,1,42,,40217,0,8,45,14,7,success
134,scp_cut_obligations,1,42,,112,16,8,45,14,7,success
135,greedy_local,0,,6,55,0,7,37,10,6,attempted_reverse_or_nonexistent_committed_edge
135,relaxed_agenda,0,,6,407,0,7,37,10,6,attempted_reverse_or_nonexistent_committed_edge
135,exact_lifted_astar,1,34,,289,0,7,37,10,6,success
135,scp_cut_obligations,1,34,,68,4,7,37,10,6,success
136,greedy_local,1,20,3,28,0,4,23,7,3,success
136,relaxed_agenda,0,,3,184,0,4,23,7,3,attempted_reverse_or_nonexistent_committed_edge
136,exact_lifted_astar,1,20,,128,0,4,23,7,3,success
136,scp_cut_obligations,1,20,,47,5,4,23,7,3,success
137,greedy_local,0,,5,45,0,6,31,9,5,attempted_reverse_or_nonexistent_committed_edge
137,relaxed_agenda,0,,5,310,0,6,31,9,5,attempted_reverse_or_nonexistent_committed_edge
137,exact_lifted_astar,1,29,,542,0,6,31,9,5,success
137,scp_cut_obligations,1,29,,63,7,6,31,9,5,success
138,greedy_local,1,24,3,15,0,4,25,5,3,success
138,relaxed_agenda,0,,3,150,0,4,25,5,3,attempted_reverse_or_nonexistent_committed_edge
138,exact_lifted_astar,1,24,,55,0,4,25,5,3,success
138,scp_cut_obligations,1,24,,38,1,4,25,5,3,success
139,greedy_local,0,,6,66,0,7,41,11,6,attempted_reverse_or_nonexistent_committed_edge
139,relaxed_agenda,0,,6,492,0,7,41,11,6,attempted_reverse_or_nonexistent_committed_edge
139,exact_lifted_astar,1,37,,729,0,7,41,11,6,success
139,scp_cut_obligations,1,37,,92,6,7,41,11,6,success
140,greedy_local,0,,4,45,0,5,29,9,4,attempted_reverse_or_nonexistent_committed_edge
140,relaxed_agenda,0,,4,290,0,5,29,9,4,attempted_reverse_or_nonexistent_committed_edge
140,exact_lifted_astar,1,24,,253,0,5,29,9,4,success
140,scp_cut_obligations,1,24,,56,4,5,29,9,4,success
141,greedy_local,1,19,3,21,0,4,23,6,3,success
141,relaxed_agenda,0,,3,161,0,4,23,6,3,attempted_reverse_or_nonexistent_committed_edge
141,exact_lifted_astar,1,19,,249,0,4,23,6,3,success
141,scp_cut_obligations,1,19,,54,6,4,23,6,3,success
142,greedy_local,1,15,3,10,0,4,17,4,3,success
142,relaxed_agenda,0,,2,85,0,4,17,4,3,attempted_reverse_or_nonexistent_committed_edge
142,exact_lifted_astar,1,15,,31,0,4,17,4,3,success
142,scp_cut_obligations,1,15,,24,1,4,17,4,3,success
143,greedy_local,1,32,6,66,0,7,39,11,6,success
143,relaxed_agenda,0,,6,468,0,7,39,11,6,attempted_reverse_or_nonexistent_committed_edge
143,exact_lifted_astar,1,32,,165,0,7,39,11,6,success
143,scp_cut_obligations,1,32,,65,3,7,39,11,6,success
144,greedy_local,1,34,6,45,0,7,43,9,6,success
144,relaxed_agenda,0,,6,430,0,7,43,9,6,attempted_reverse_or_nonexistent_committed_edge
144,exact_lifted_astar,1,34,,456,0,7,43,9,6,success
144,scp_cut_obligations,1,34,,77,5,7,43,9,6,success
145,greedy_local,1,17,3,15,0,4,20,5,3,success
145,relaxed_agenda,0,,2,120,0,4,20,5,3,attempted_reverse_or_nonexistent_committed_edge
145,exact_lifted_astar,1,17,,213,0,4,20,5,3,success
145,scp_cut_obligations,1,17,,44,6,4,20,5,3,success
146,greedy_local,0,,7,78,0,8,45,12,7,attempted_reverse_or_nonexistent_committed_edge
146,relaxed_agenda,0,,7,585,0,8,45,12,7,attempted_reverse_or_nonexistent_committed_edge
146,exact_lifted_astar,1,38,,357,0,8,45,12,7,success
146,scp_cut_obligations,1,38,,89,5,8,45,12,7,success
147,greedy_local,1,23,3,10,0,4,25,4,3,success
147,relaxed_agenda,0,,2,125,0,4,25,4,3,attempted_reverse_or_nonexistent_committed_edge
147,exact_lifted_astar,1,23,,98,0,4,25,4,3,success
147,scp_cut_obligations,1,23,,43,4,4,25,4,3,success
148,greedy_local,0,,4,21,0,5,29,6,4,attempted_reverse_or_nonexistent_committed_edge
148,relaxed_agenda,0,,4,203,0,5,29,6,4,attempted_reverse_or_nonexistent_committed_edge
148,exact_lifted_astar,1,26,,193,0,5,29,6,4,success
148,scp_cut_obligations,1,26,,52,4,5,29,6,4,success
149,greedy_local,1,23,5,28,0,6,32,7,5,success
149,relaxed_agenda,0,,4,256,0,6,32,7,5,attempted_reverse_or_nonexistent_committed_edge
149,exact_lifted_astar,1,23,,112,0,6,32,7,5,success
149,scp_cut_obligations,1,23,,63,3,6,32,7,5,success
150,greedy_local,0,,4,28,0,5,26,7,4,attempted_reverse_or_nonexistent_committed_edge
150,relaxed_agenda,0,,4,208,0,5,26,7,4,attempted_reverse_or_nonexistent_committed_edge
150,exact_lifted_astar,1,21,,220,0,5,26,7,4,success
150,scp_cut_obligations,1,21,,45,4,5,26,7,4,success
151,greedy_local,0,,2,21,0,4,23,6,3,attempted_reverse_or_nonexistent_committed_edge
151,relaxed_agenda,0,,2,161,0,4,23,6,3,attempted_reverse_or_nonexistent_committed_edge
151,exact_lifted_astar,1,21,,133,0,4,23,6,3,success
151,scp_cut_obligations,1,21,,46,4,4,23,6,3,success
152,greedy_local,0,,6,66,0,8,44,11,7,attempted_reverse_or_nonexistent_committed_edge
152,relaxed_agenda,0,,6,528,0,8,44,11,7,attempted_reverse_or_nonexistent_committed_edge
152,exact_lifted_astar,1,37,,223,0,8,44,11,7,success
152,scp_cut_obligations,1,37,,73,3,8,44,11,7,success
153,greedy_local,0,,4,45,0,6,30,9,5,attempted_reverse_or_nonexistent_committed_edge
153,relaxed_agenda,0,,4,300,0,6,30,9,5,attempted_reverse_or_nonexistent_committed_edge
153,exact_lifted_astar,1,27,,1193,0,6,30,9,5,success
153,scp_cut_obligations,1,27,,69,11,6,30,9,5,success
154,greedy_local,0,,5,36,0,6,39,8,5,attempted_reverse_or_nonexistent_committed_edge
154,relaxed_agenda,0,,5,351,0,6,39,8,5,attempted_reverse_or_nonexistent_committed_edge
154,exact_lifted_astar,1,32,,405,0,6,39,8,5,success
154,scp_cut_obligations,1,32,,71,4,6,39,8,5,success
155,greedy_local,0,,7,78,0,8,43,12,7,attempted_reverse_or_nonexistent_committed_edge
155,relaxed_agenda,0,,7,559,0,8,43,12,7,attempted_reverse_or_nonexistent_committed_edge
155,exact_lifted_astar,1,37,,6243,0,8,43,12,7,success
155,scp_cut_obligations,1,37,,96,12,8,43,12,7,success
156,greedy_local,0,,6,78,0,8,44,12,7,attempted_reverse_or_nonexistent_committed_edge
156,relaxed_agenda,0,,6,572,0,8,44,12,7,attempted_reverse_or_nonexistent_committed_edge
156,exact_lifted_astar,1,37,,842,0,8,44,12,7,success
156,scp_cut_obligations,1,37,,86,9,8,44,12,7,success
157,greedy_local,0,,5,36,0,6,32,8,5,attempted_reverse_or_nonexistent_committed_edge
157,relaxed_agenda,0,,5,288,0,6,32,8,5,attempted_reverse_or_nonexistent_committed_edge
157,exact_lifted_astar,1,30,,113,0,6,32,8,5,success
157,scp_cut_obligations,1,30,,52,2,6,32,8,5,success
158,greedy_local,0,,7,66,0,8,44,11,7,attempted_reverse_or_nonexistent_committed_edge
158,relaxed_agenda,0,,7,528,0,8,44,11,7,attempted_reverse_or_nonexistent_committed_edge
158,exact_lifted_astar,1,39,,491,0,8,44,11,7,success
158,scp_cut_obligations,1,39,,80,5,8,44,11,7,success
159,greedy_local,0,,5,36,0,6,34,8,5,attempted_reverse_or_nonexistent_committed_edge
159,relaxed_agenda,0,,5,306,0,6,34,8,5,attempted_reverse_or_nonexistent_committed_edge
159,exact_lifted_astar,1,28,,547,0,6,34,8,5,success
159,scp_cut_obligations,1,28,,65,5,6,34,8,5,success
160,greedy_local,1,17,3,15,0,4,19,5,3,success
160,relaxed_agenda,0,,2,114,0,4,19,5,3,attempted_reverse_or_nonexistent_committed_edge
160,exact_lifted_astar,1,17,,127,0,4,19,5,3,success
160,scp_cut_obligations,1,17,,58,8,4,19,5,3,success
161,greedy_local,0,,7,91,0,8,49,13,7,attempted_reverse_or_nonexistent_committed_edge
161,relaxed_agenda,0,,7,686,0,8,49,13,7,attempted_reverse_or_nonexistent_committed_edge
161,exact_lifted_astar,1,45,,1365,0,8,49,13,7,success
161,scp_cut_obligations,1,45,,99,7,8,49,13,7,success
162,greedy_local,1,40,7,66,0,8,45,11,7,success
162,relaxed_agenda,0,,7,540,0,8,45,11,7,attempted_reverse_or_nonexistent_committed_edge
162,exact_lifted_astar,1,40,,199,0,8,45,11,7,success
162,scp_cut_obligations,1,40,,73,3,8,45,11,7,success
163,greedy_local,0,,5,36,0,6,29,8,5,attempted_reverse_or_nonexistent_committed_edge
163,relaxed_agenda,0,,5,261,0,6,29,8,5,attempted_reverse_or_nonexistent_committed_edge
163,exact_lifted_astar,1,26,,133,0,6,29,8,5,success
163,scp_cut_obligations,1,26,,51,3,6,29,8,5,success
164,greedy_local,1,19,3,28,0,4,21,7,3,success
164,relaxed_agenda,0,,3,168,0,4,21,7,3,attempted_reverse_or_nonexistent_committed_edge
164,exact_lifted_astar,1,19,,93,0,4,21,7,3,success
164,scp_cut_obligations,1,19,,48,2,4,21,7,3,success
165,greedy_local,1,27,5,21,0,6,34,6,5,success
165,relaxed_agenda,0,,4,238,0,6,34,6,5,attempted_reverse_or_nonexistent_committed_edge
165,exact_lifted_astar,1,27,,329,0,6,34,6,5,success
165,scp_cut_obligations,1,27,,59,5,6,34,6,5,success
166,greedy_local,1,34,5,28,0,6,36,7,5,success
166,relaxed_agenda,0,,5,288,0,6,36,7,5,attempted_reverse_or_nonexistent_committed_edge
166,exact_lifted_astar,1,34,,186,0,6,36,7,5,success
166,scp_cut_obligations,1,34,,54,3,6,36,7,5,success
167,greedy_local,0,,4,28,0,6,36,7,5,attempted_reverse_or_nonexistent_committed_edge
167,relaxed_agenda,0,,4,288,0,6,36,7,5,attempted_reverse_or_nonexistent_committed_edge
167,exact_lifted_astar,1,30,,767,0,6,36,7,5,success
167,scp_cut_obligations,1,30,,62,7,6,36,7,5,success
168,greedy_local,0,,5,28,0,6,31,7,5,attempted_reverse_or_nonexistent_committed_edge
168,relaxed_agenda,0,,5,248,0,6,31,7,5,attempted_reverse_or_nonexistent_committed_edge
168,exact_lifted_astar,1,29,,303,0,6,31,7,5,success
168,scp_cut_obligations,1,29,,49,4,6,31,7,5,success
169,greedy_local,1,34,7,45,0,8,40,9,7,success
169,relaxed_agenda,0,,6,400,0,8,40,9,7,attempted_reverse_or_nonexistent_committed_edge
169,exact_lifted_astar,1,34,,108,0,8,40,9,7,success
169,scp_cut_obligations,1,34,,64,4,8,40,9,7,success
170,greedy_local,1,42,7,55,0,8,46,10,7,success
170,relaxed_agenda,0,,6,506,0,8,46,10,7,attempted_reverse_or_nonexistent_committed_edge
170,exact_lifted_astar,1,42,,264,0,8,46,10,7,success
170,scp_cut_obligations,1,42,,74,3,8,46,10,7,success
171,greedy_local,0,,4,36,0,6,31,8,5,attempted_reverse_or_nonexistent_committed_edge
171,relaxed_agenda,0,,4,279,0,6,31,8,5,attempted_reverse_or_nonexistent_committed_edge
171,exact_lifted_astar,1,27,,287,0,6,31,8,5,success
171,scp_cut_obligations,1,27,,63,6,6,31,8,5,success
172,greedy_local,0,,5,36,0,6,37,8,5,attempted_reverse_or_nonexistent_committed_edge
172,relaxed_agenda,0,,5,333,0,6,37,8,5,attempted_reverse_or_nonexistent_committed_edge
172,exact_lifted_astar,1,31,,454,0,6,37,8,5,success
172,scp_cut_obligations,1,31,,70,4,6,37,8,5,success
173,greedy_local,0,,7,91,0,8,49,13,7,attempted_reverse_or_nonexistent_committed_edge
173,relaxed_agenda,0,,7,686,0,8,49,13,7,attempted_reverse_or_nonexistent_committed_edge
173,exact_lifted_astar,1,45,,6377,0,8,49,13,7,success
173,scp_cut_obligations,1,45,,112,11,8,49,13,7,success
174,greedy_local,0,,6,55,0,8,44,10,7,attempted_reverse_or_nonexistent_committed_edge
174,relaxed_agenda,0,,6,484,0,8,44,10,7,attempted_reverse_or_nonexistent_committed_edge
174,exact_lifted_astar,1,37,,1493,0,8,44,10,7,success
174,scp_cut_obligations,1,37,,87,9,8,44,10,7,success
175,greedy_local,1,18,3,15,0,4,22,5,3,success
175,relaxed_agenda,0,,2,132,0,4,22,5,3,attempted_reverse_or_nonexistent_committed_edge
175,exact_lifted_astar,1,18,,57,0,4,22,5,3,success
175,scp_cut_obligations,1,18,,39,2,4,22,5,3,success
176,greedy_local,0,,6,55,0,7,36,10,6,attempted_reverse_or_nonexistent_committed_edge
176,relaxed_agenda,0,,6,396,0,7,36,10,6,attempted_reverse_or_nonexistent_committed_edge
176,exact_lifted_astar,1,30,,152,0,7,36,10,6,success
176,scp_cut_obligations,1,30,,58,2,7,36,10,6,success
177,greedy_local,1,43,7,45,0,8,53,9,7,success
177,relaxed_agenda,0,,6,530,0,8,53,9,7,attempted_reverse_or_nonexistent_committed_edge
177,exact_lifted_astar,1,42,,2458,0,8,53,9,7,success
177,scp_cut_obligations,1,42,,108,10,8,53,9,7,success
178,greedy_local,0,,6,78,0,8,44,12,7,attempted_reverse_or_nonexistent_committed_edge
178,relaxed_agenda,0,,6,572,0,8,44,12,7,attempted_reverse_or_nonexistent_committed_edge
178,exact_lifted_astar,1,39,,4867,0,8,44,12,7,success
178,scp_cut_obligations,1,39,,90,11,8,44,12,7,success
179,greedy_local,0,,7,78,0,8,44,12,7,attempted_reverse_or_nonexistent_committed_edge
179,relaxed_agenda,0,,7,572,0,8,44,12,7,attempted_reverse_or_nonexistent_committed_edge
179,exact_lifted_astar,1,41,,5001,0,8,44,12,7,success
179,scp_cut_obligations,1,41,,96,11,8,44,12,7,success
180,greedy_local,0,,3,15,0,4,23,5,3,attempted_reverse_or_nonexistent_committed_edge
180,relaxed_agenda,0,,3,138,0,4,23,5,3,attempted_reverse_or_nonexistent_committed_edge
180,exact_lifted_astar,1,20,,91,0,4,23,5,3,success
180,scp_cut_obligations,1,20,,34,3,4,23,5,3,success
181,greedy_local,1,21,4,21,0,5,29,6,4,success
181,relaxed_agenda,0,,4,203,0,5,29,6,4,attempted_reverse_or_nonexistent_committed_edge
181,exact_lifted_astar,1,21,,170,0,5,29,6,4,success
181,scp_cut_obligations,1,21,,55,4,5,29,6,4,success
182,greedy_local,0,,7,66,0,8,38,11,7,attempted_reverse_or_nonexistent_committed_edge
182,relaxed_agenda,0,,7,456,0,8,38,11,7,attempted_reverse_or_nonexistent_committed_edge
182,exact_lifted_astar,1,33,,829,0,8,38,11,7,success
182,scp_cut_obligations,1,33,,68,6,8,38,11,7,success
183,greedy_local,0,,4,36,0,5,24,8,4,attempted_reverse_or_nonexistent_committed_edge
183,relaxed_agenda,0,,4,216,0,5,24,8,4,attempted_reverse_or_nonexistent_committed_edge
183,exact_lifted_astar,1,21,,146,0,5,24,8,4,success
183,scp_cut_obligations,1,21,,57,4,5,24,8,4,success
184,greedy_local,0,,7,66,0,8,42,11,7,attempted_reverse_or_nonexistent_committed_edge
184,relaxed_agenda,0,,7,504,0,8,42,11,7,attempted_reverse_or_nonexistent_committed_edge
184,exact_lifted_astar,1,34,,733,0,8,42,11,7,success
184,scp_cut_obligations,1,34,,79,6,8,42,11,7,success
185,greedy_local,0,,7,66,0,8,40,11,7,attempted_reverse_or_nonexistent_committed_edge
185,relaxed_agenda,0,,7,480,0,8,40,11,7,attempted_reverse_or_nonexistent_committed_edge
185,exact_lifted_astar,1,37,,400,0,8,40,11,7,success
185,scp_cut_obligations,1,37,,67,4,8,40,11,7,success
186,greedy_local,0,,5,55,0,7,34,10,6,attempted_reverse_or_nonexistent_committed_edge
186,relaxed_agenda,0,,5,374,0,7,34,10,6,attempted_reverse_or_nonexistent_committed_edge
186,exact_lifted_astar,1,29,,122,0,7,34,10,6,success
186,scp_cut_obligations,1,29,,53,2,7,34,10,6,success
187,greedy_local,0,,6,55,0,7,38,10,6,attempted_reverse_or_nonexistent_committed_edge
187,relaxed_agenda,0,,6,418,0,7,38,10,6,attempted_reverse_or_nonexistent_committed_edge
187,exact_lifted_astar,1,31,,2575,0,7,38,10,6,success
187,scp_cut_obligations,1,31,,78,9,7,38,10,6,success
188,greedy_local,0,,4,45,0,5,23,9,4,attempted_reverse_or_nonexistent_committed_edge
188,relaxed_agenda,0,,4,230,0,5,23,9,4,attempted_reverse_or_nonexistent_committed_edge
188,exact_lifted_astar,1,21,,123,0,5,23,9,4,success
188,scp_cut_obligations,1,21,,41,4,5,23,9,4,success
189,greedy_local,0,,7,36,0,8,40,8,7,attempted_reverse_or_nonexistent_committed_edge
189,relaxed_agenda,0,,7,360,0,8,40,8,7,attempted_reverse_or_nonexistent_committed_edge
189,exact_lifted_astar,1,35,,97,0,8,40,8,7,success
189,scp_cut_obligations,1,35,,57,2,8,40,8,7,success
190,greedy_local,0,,7,78,0,8,42,12,7,attempted_reverse_or_nonexistent_committed_edge
190,relaxed_agenda,0,,7,546,0,8,42,12,7,attempted_reverse_or_nonexistent_committed_edge
190,exact_lifted_astar,1,35,,353,0,8,42,12,7,success
190,scp_cut_obligations,1,35,,65,3,8,42,12,7,success
191,greedy_local,1,13,3,10,0,4,16,4,3,success
191,relaxed_agenda,0,,2,80,0,4,16,4,3,attempted_reverse_or_nonexistent_committed_edge
191,exact_lifted_astar,1,13,,23,0,4,16,4,3,success
191,scp_cut_obligations,1,13,,20,1,4,16,4,3,success
192,greedy_local,0,,3,10,0,5,27,4,4,attempted_reverse_or_nonexistent_committed_edge
192,relaxed_agenda,0,,3,135,0,5,27,4,4,attempted_reverse_or_nonexistent_committed_edge
192,exact_lifted_astar,1,24,,60,0,5,27,4,4,success
192,scp_cut_obligations,1,24,,39,2,5,27,4,4,success
193,greedy_local,1,29,5,55,0,6,31,10,5,success
193,relaxed_agenda,0,,5,341,0,6,31,10,5,attempted_reverse_or_nonexistent_committed_edge
193,exact_lifted_astar,1,29,,979,0,6,31,10,5,success
193,scp_cut_obligations,1,29,,65,8,6,31,10,5,success
194,greedy_local,0,,3,28,0,5,29,7,4,attempted_reverse_or_nonexistent_committed_edge
194,relaxed_agenda,0,,3,232,0,5,29,7,4,attempted_reverse_or_nonexistent_committed_edge
194,exact_lifted_astar,1,25,,116,0,5,29,7,4,success
194,scp_cut_obligations,1,25,,57,4,5,29,7,4,success
195,greedy_local,1,22,3,21,0,4,23,6,3,success
195,relaxed_agenda,0,,3,161,0,4,23,6,3,attempted_reverse_or_nonexistent_committed_edge
195,exact_lifted_astar,1,22,,33,0,4,23,6,3,success
195,scp_cut_obligations,1,22,,33,0,4,23,6,3,success
196,greedy_local,0,,7,45,0,8,44,9,7,attempted_reverse_or_nonexistent_committed_edge
196,relaxed_agenda,0,,7,440,0,8,44,9,7,attempted_reverse_or_nonexistent_committed_edge
196,exact_lifted_astar,1,36,,294,0,8,44,9,7,success
196,scp_cut_obligations,1,36,,81,4,8,44,9,7,success
197,greedy_local,0,,3,21,0,5,30,6,4,attempted_reverse_or_nonexistent_committed_edge
197,relaxed_agenda,0,,3,210,0,5,30,6,4,attempted_reverse_or_nonexistent_committed_edge
197,exact_lifted_astar,1,24,,157,0,5,30,6,4,success
197,scp_cut_obligations,1,24,,53,4,5,30,6,4,success
198,greedy_local,1,32,5,28,0,6,38,7,5,success
198,relaxed_agenda,0,,4,304,0,6,38,7,5,attempted_reverse_or_nonexistent_committed_edge
198,exact_lifted_astar,1,32,,57,0,6,38,7,5,success
198,scp_cut_obligations,1,32,,54,2,6,38,7,5,success
199,greedy_local,0,,5,66,0,6,29,11,5,attempted_reverse_or_nonexistent_committed_edge
199,relaxed_agenda,0,,5,348,0,6,29,11,5,attempted_reverse_or_nonexistent_committed_edge
199,exact_lifted_astar,1,26,,674,0,6,29,11,5,success
199,scp_cut_obligations,1,26,,69,5,6,29,11,5,success
200,greedy_local,1,37,7,78,0,8,41,12,7,success
200,relaxed_agenda,0,,7,533,0,8,41,12,7,attempted_reverse_or_nonexistent_committed_edge
200,exact_lifted_astar,1,37,,407,0,8,41,12,7,success
200,scp_cut_obligations,1,37,,73,5,8,41,12,7,success
201,greedy_local,1,22,4,10,0,5,28,4,4,success
201,relaxed_agenda,0,,3,140,0,5,28,4,4,attempted_reverse_or_nonexistent_committed_edge
201,exact_lifted_astar,1,22,,52,0,5,28,4,4,success
201,scp_cut_obligations,1,22,,33,1,5,28,4,4,success
202,greedy_local,0,,3,28,0,4,24,7,3,attempted_reverse_or_nonexistent_committed_edge
202,relaxed_agenda,0,,3,192,0,4,24,7,3,attempted_reverse_or_nonexistent_committed_edge
202,exact_lifted_astar,1,22,,166,0,4,24,7,3,success
202,scp_cut_obligations,1,22,,49,3,4,24,7,3,success
203,greedy_local,0,,7,91,0,8,45,13,7,attempted_reverse_or_nonexistent_committed_edge
203,relaxed_agenda,0,,7,630,0,8,45,13,7,attempted_reverse_or_nonexistent_committed_edge
203,exact_lifted_astar,1,44,,1083,0,8,45,13,7,success
203,scp_cut_obligations,1,44,,92,7,8,45,13,7,success
204,greedy_local,1,30,5,28,0,6,34,7,5,success
204,relaxed_agenda,0,,5,272,0,6,34,7,5,attempted_reverse_or_nonexistent_committed_edge
204,exact_lifted_astar,1,30,,173,0,6,34,7,5,success
204,scp_cut_obligations,1,30,,52,3,6,34,7,5,success
205,greedy_local,1,40,7,55,0,8,46,10,7,success
205,relaxed_agenda,0,,7,506,0,8,46,10,7,attempted_reverse_or_nonexistent_committed_edge
205,exact_lifted_astar,1,40,,610,0,8,46,10,7,success
205,scp_cut_obligations,1,40,,81,6,8,46,10,7,success
206,greedy_local,0,,7,66,0,8,41,11,7,attempted_reverse_or_nonexistent_committed_edge
206,relaxed_agenda,0,,7,492,0,8,41,11,7,attempted_reverse_or_nonexistent_committed_edge
206,exact_lifted_astar,1,37,,1330,0,8,41,11,7,success
206,scp_cut_obligations,1,37,,76,7,8,41,11,7,success
207,greedy_local,1,30,6,55,0,7,34,10,6,success
207,relaxed_agenda,0,,6,374,0,7,34,10,6,attempted_reverse_or_nonexistent_committed_edge
207,exact_lifted_astar,1,30,,235,0,7,34,10,6,success
207,scp_cut_obligations,1,30,,67,3,7,34,10,6,success
208,greedy_local,0,,6,91,0,7,39,13,6,attempted_reverse_or_nonexistent_committed_edge
208,relaxed_agenda,0,,6,546,0,7,39,13,6,attempted_reverse_or_nonexistent_committed_edge
208,exact_lifted_astar,1,32,,2800,0,7,39,13,6,success
208,scp_cut_obligations,1,32,,77,10,7,39,13,6,success
209,greedy_local,0,,2,21,0,4,25,6,3,attempted_reverse_or_nonexistent_committed_edge
209,relaxed_agenda,0,,2,175,0,4,25,6,3,attempted_reverse_or_nonexistent_committed_edge
209,exact_lifted_astar,1,22,,93,0,4,25,6,3,success
209,scp_cut_obligations,1,22,,49,4,4,25,6,3,success
210,greedy_local,1,21,3,28,0,4,23,7,3,success
210,relaxed_agenda,0,,3,184,0,4,23,7,3,attempted_reverse_or_nonexistent_committed_edge
210,exact_lifted_astar,1,21,,82,0,4,23,7,3,success
210,scp_cut_obligations,1,21,,42,3,4,23,7,3,success
211,greedy_local,0,,7,78,0,8,41,12,7,attempted_reverse_or_nonexistent_committed_edge
211,relaxed_agenda,0,,7,533,0,8,41,12,7,attempted_reverse_or_nonexistent_committed_edge
211,exact_lifted_astar,1,36,,424,0,8,41,12,7,success
211,scp_cut_obligations,1,36,,72,5,8,41,12,7,success
212,greedy_local,0,,6,55,0,8,42,10,7,attempted_reverse_or_nonexistent_committed_edge
212,relaxed_agenda,0,,6,462,0,8,42,10,7,attempted_reverse_or_nonexistent_committed_edge
212,exact_lifted_astar,1,36,,656,0,8,42,10,7,success
212,scp_cut_obligations,1,36,,77,6,8,42,10,7,success
213,greedy_local,1,36,7,91,0,8,41,13,7,success
213,relaxed_agenda,0,,7,574,0,8,41,13,7,attempted_reverse_or_nonexistent_committed_edge
213,exact_lifted_astar,1,36,,377,0,8,41,13,7,success
213,scp_cut_obligations,1,36,,77,5,8,41,13,7,success
214,greedy_local,1,22,4,36,0,5,24,8,4,success
214,relaxed_agenda,0,,4,216,0,5,24,8,4,attempted_reverse_or_nonexistent_committed_edge
214,exact_lifted_astar,1,22,,38,0,5,24,8,4,success
214,scp_cut_obligations,1,22,,37,1,5,24,8,4,success
215,greedy_local,0,,4,28,0,5,27,7,4,attempted_reverse_or_nonexistent_committed_edge
215,relaxed_agenda,0,,4,216,0,5,27,7,4,attempted_reverse_or_nonexistent_committed_edge
215,exact_lifted_astar,1,25,,603,0,5,27,7,4,success
215,scp_cut_obligations,1,25,,58,7,5,27,7,4,success
216,greedy_local,0,,4,21,0,6,28,6,5,attempted_reverse_or_nonexistent_committed_edge
216,relaxed_agenda,0,,4,196,0,6,28,6,5,attempted_reverse_or_nonexistent_committed_edge
216,exact_lifted_astar,1,26,,46,0,6,28,6,5,success
216,scp_cut_obligations,1,26,,38,1,6,28,6,5,success
217,greedy_local,0,,5,45,0,7,41,9,6,attempted_reverse_or_nonexistent_committed_edge
217,relaxed_agenda,0,,5,410,0,7,41,9,6,attempted_reverse_or_nonexistent_committed_edge
217,exact_lifted_astar,1,35,,480,0,7,41,9,6,success
217,scp_cut_obligations,1,35,,78,8,7,41,9,6,success
218,greedy_local,1,28,4,28,0,5,29,7,4,success
218,relaxed_agenda,0,,3,232,0,5,29,7,4,attempted_reverse_or_nonexistent_committed_edge
218,exact_lifted_astar,1,28,,57,0,5,29,7,4,success
218,scp_cut_obligations,1,28,,51,2,5,29,7,4,success
219,greedy_local,1,21,4,10,0,5,25,4,4,success
219,relaxed_agenda,0,,3,125,0,5,25,4,4,attempted_reverse_or_nonexistent_committed_edge
219,exact_lifted_astar,1,21,,54,0,5,25,4,4,success
219,scp_cut_obligations,1,21,,33,2,5,25,4,4,success
220,greedy_local,0,,4,15,0,5,28,5,4,attempted_reverse_or_nonexistent_committed_edge
220,relaxed_agenda,0,,4,168,0,5,28,5,4,attempted_reverse_or_nonexistent_committed_edge
220,exact_lifted_astar,1,23,,108,0,5,28,5,4,success
220,scp_cut_obligations,1,23,,42,3,5,28,5,4,success
221,greedy_local,0,,4,36,0,5,22,8,4,attempted_reverse_or_nonexistent_committed_edge
221,relaxed_agenda,0,,4,198,0,5,22,8,4,attempted_reverse_or_nonexistent_committed_edge
221,exact_lifted_astar,1,19,,175,0,5,22,8,4,success
221,scp_cut_obligations,1,19,,38,3,5,22,8,4,success
222,greedy_local,1,33,6,55,0,7,44,10,6,success
222,relaxed_agenda,0,,6,484,0,7,44,10,6,attempted_reverse_or_nonexistent_committed_edge
222,exact_lifted_astar,1,33,,948,0,7,44,10,6,success
222,scp_cut_obligations,1,33,,90,6,7,44,10,6,success
223,greedy_local,0,,2,10,0,4,25,4,3,attempted_reverse_or_nonexistent_committed_edge
223,relaxed_agenda,0,,2,125,0,4,25,4,3,attempted_reverse_or_nonexistent_committed_edge
223,exact_lifted_astar,1,18,,56,0,4,25,4,3,success
223,scp_cut_obligations,1,18,,34,2,4,25,4,3,success
224,greedy_local,0,,5,28,0,7,41,7,6,attempted_reverse_or_nonexistent_committed_edge
224,relaxed_agenda,0,,5,328,0,7,41,7,6,attempted_reverse_or_nonexistent_committed_edge
224,exact_lifted_astar,1,33,,215,0,7,41,7,6,success
224,scp_cut_obligations,1,33,,63,5,7,41,7,6,success
225,greedy_local,0,,7,91,0,8,42,13,7,attempted_reverse_or_nonexistent_committed_edge
225,relaxed_agenda,0,,7,588,0,8,42,13,7,attempted_reverse_or_nonexistent_committed_edge
225,exact_lifted_astar,1,41,,2416,0,8,42,13,7,success
225,scp_cut_obligations,1,41,,85,8,8,42,13,7,success
226,greedy_local,0,,5,21,0,6,33,6,5,attempted_reverse_or_nonexistent_committed_edge
226,relaxed_agenda,0,,5,231,0,6,33,6,5,attempted_reverse_or_nonexistent_committed_edge
226,exact_lifted_astar,1,27,,73,0,6,33,6,5,success
226,scp_cut_obligations,1,27,,40,2,6,33,6,5,success
227,greedy_local,0,,3,15,0,5,29,5,4,attempted_reverse_or_nonexistent_committed_edge
227,relaxed_agenda,0,,3,174,0,5,29,5,4,attempted_reverse_or_nonexistent_committed_edge
227,exact_lifted_astar,1,26,,97,0,5,29,5,4,success
227,scp_cut_obligations,1,26,,45,3,5,29,5,4,success
228,greedy_local,0,,3,10,0,4,20,4,3,attempted_reverse_or_nonexistent_committed_edge
228,relaxed_agenda,0,,3,100,0,4,20,4,3,attempted_reverse_or_nonexistent_committed_edge
228,exact_lifted_astar,1,19,,34,0,4,20,4,3,success
228,scp_cut_obligations,1,19,,26,1,4,20,4,3,success
229,greedy_local,1,24,4,15,0,5,25,5,4,success
229,relaxed_agenda,0,,3,150,0,5,25,5,4,attempted_reverse_or_nonexistent_committed_edge
229,exact_lifted_astar,1,24,,96,0,5,25,5,4,success
229,scp_cut_obligations,1,24,,42,3,5,25,5,4,success
230,greedy_local,0,,6,66,0,8,43,11,7,attempted_reverse_or_nonexistent_committed_edge
230,relaxed_agenda,0,,6,516,0,8,43,11,7,attempted_reverse_or_nonexistent_committed_edge
230,exact_lifted_astar,1,38,,378,0,8,43,11,7,success
230,scp_cut_obligations,1,38,,82,6,8,43,11,7,success
231,greedy_local,1,24,4,36,0,5,26,8,4,success
231,relaxed_agenda,0,,4,234,0,5,26,8,4,attempted_reverse_or_nonexistent_committed_edge
231,exact_lifted_astar,1,23,,434,0,5,26,8,4,success
231,scp_cut_obligations,1,23,,52,6,5,26,8,4,success
232,greedy_local,0,,7,55,0,8,45,10,7,attempted_reverse_or_nonexistent_committed_edge
232,relaxed_agenda,0,,7,495,0,8,45,10,7,attempted_reverse_or_nonexistent_committed_edge
232,exact_lifted_astar,1,42,,1033,0,8,45,10,7,success
232,scp_cut_obligations,1,42,,82,5,8,45,10,7,success
233,greedy_local,0,,3,21,0,4,21,6,3,attempted_reverse_or_nonexistent_committed_edge
233,relaxed_agenda,0,,3,147,0,4,21,6,3,attempted_reverse_or_nonexistent_committed_edge
233,exact_lifted_astar,1,19,,192,0,4,21,6,3,success
233,scp_cut_obligations,1,19,,52,5,4,21,6,3,success
234,greedy_local,0,,5,36,0,7,39,8,6,attempted_reverse_or_nonexistent_committed_edge
234,relaxed_agenda,0,,5,351,0,7,39,8,6,attempted_reverse_or_nonexistent_committed_edge
234,exact_lifted_astar,1,33,,164,0,7,39,8,6,success
234,scp_cut_obligations,1,33,,65,4,7,39,8,6,success
235,greedy_local,0,,3,21,0,5,29,6,4,attempted_reverse_or_nonexistent_committed_edge
235,relaxed_agenda,0,,3,203,0,5,29,6,4,attempted_reverse_or_nonexistent_committed_edge
235,exact_lifted_astar,1,25,,119,0,5,29,6,4,success
235,scp_cut_obligations,1,25,,57,4,5,29,6,4,success
236,greedy_local,0,,5,28,0,6,36,7,5,attempted_reverse_or_nonexistent_committed_edge
236,relaxed_agenda,0,,5,288,0,6,36,7,5,attempted_reverse_or_nonexistent_committed_edge
236,exact_lifted_astar,1,29,,455,0,6,36,7,5,success
236,scp_cut_obligations,1,29,,60,4,6,36,7,5,success
237,greedy_local,1,28,4,28,0,5,31,7,4,success
237,relaxed_agenda,0,,4,248,0,5,31,7,4,attempted_reverse_or_nonexistent_committed_edge
237,exact_lifted_astar,1,28,,575,0,5,31,7,4,success
237,scp_cut_obligations,1,28,,69,7,5,31,7,4,success
238,greedy_local,1,34,7,78,0,8,39,12,7,success
238,relaxed_agenda,0,,7,507,0,8,39,12,7,attempted_reverse_or_nonexistent_committed_edge
238,exact_lifted_astar,1,34,,209,0,8,39,12,7,success
238,scp_cut_obligations,1,34,,66,4,8,39,12,7,success
239,greedy_local,0,,6,55,0,7,32,10,6,attempted_reverse_or_nonexistent_committed_edge
239,relaxed_agenda,0,,6,352,0,7,32,10,6,attempted_reverse_or_nonexistent_committed_edge
239,exact_lifted_astar,1,29,,510,0,7,32,10,6,success
239,scp_cut_obligations,1,29,,66,8,7,32,10,6,success
